bom_version,parent_material_code,alt_group_no,alt_method,is_substitute,alt_priority,bom_level,material_name,material_code,standard_usage,available_qty,reserved_qty,stock_rows,inventory_uom
2026-08-05T00:00:00+08:00,382-000005,,,False,0,1,YN406预组装包(拖拉机),791-000013,1,1000,0,1,个
2026-08-05T00:00:00+08:00,382-000005,,,False,0,1,YN406 包装外箱_V2,606-000989,1,344,0,2,个
2026-08-05T00:00:00+08:00,382-000005,,,False,0,1,YN406 珍珠棉内托_V2,606-000990,1,400,0,3,个
2026-08-05T00:00:00+08:00,382-000005,,,False,0,1,YS221A接收机组件_国内,528-000036,1,34,0,1,个
2026-08-05T00:00:00+08:00,382-000005,,,False,0,1,YN406B方向盘组件（拖拉机）,791-000007,1,0,0,0,
2026-08-05T00:00:00+08:00,382-000005,,,False,0,1,406电源+电机+接收机连接线,994-000550,1,1875,0,8,个
2026-08-05T00:00:00+08:00,382-000005,,,False,0,1,YN406说明书（中文）,468-000493,1,1867,0,1,个
2026-08-05T00:00:00+08:00,382-000005,,,False,0,1,导航车贴(60*15cm),468-000530,1,1500,0,1,个
2026-08-05T00:00:00+08:00,382-000005,,,False,0,1,YN403显示终端整机_预装组件_拖拉机,791-000015,1,0,0,0,
2026-08-05T00:00:00+08:00,791-000013,,,False,0,2,IMU、蘑菇头、显示终端安装附件包(30长),795-000993,1,2000,0,1,包
2026-08-05T00:00:00+08:00,791-000013,,,False,0,2,I406 预组装外箱,606-000852,1,600,0,1,个
2026-08-05T00:00:00+08:00,791-000013,,,False,0,2,I406 预组装珍珠棉内托,606-000853,1,590,0,1,个
2026-08-05T00:00:00+08:00,791-000013,,,False,0,2,显示终端安装附件包,795-000130,1,1124,0,2,个
2026-08-05T00:00:00+08:00,791-000013,,,False,0,2,终端RAM支架U型底座安装附件包,795-000728,1,2950,0,2,个
2026-08-05T00:00:00+08:00,791-000013,,,False,0,2,电机安装附件包,795-000302,1,2374,0,1,个
2026-08-05T00:00:00+08:00,791-000013,,,False,0,2,1号电机支架底板圆柱（L=100mm）,165-000257,1,1409,0,3,个
2026-08-05T00:00:00+08:00,791-000013,,,False,0,2,电机1号安装支架附件包,795-000865,1,2867,0,2,个
2026-08-05T00:00:00+08:00,791-000013,,,False,0,2,线束安装附件包,795-000133,10,26297,0,3,个
2026-08-05T00:00:00+08:00,791-000013,,,False,0,2,4号自封袋,606-000012,1,19500,0,1,个
2026-08-05T00:00:00+08:00,528-000036,,,False,0,2,YS221A接收机整机_国内版_整机,528-000031,1,391,0,1,个
2026-08-05T00:00:00+08:00,528-000036,,,False,0,2,M6X16不锈钢外六角三组合螺丝_半耐落,849-001021,4,8843,0,2,个
2026-08-05T00:00:00+08:00,791-000007,,,False,0,2,M4*22_不锈钢杯头内六角滚花机牙螺丝_整圈耐落,849-000288,6,161549,0,9,个
2026-08-05T00:00:00+08:00,791-000015,,,False,0,2,YN403（406）整机,791-000003,1,445,0,4,个
2026-08-05T00:00:00+08:00,791-000015,,,False,0,2,308终端RAM支架,165-000120,1,1712,0,1,个
2026-08-05T00:00:00+08:00,791-000015,,,False,0,2,M5*22_不锈钢内六角机牙螺丝_整圈耐落,849-000987,4,19826,0,5,个
2026-08-05T00:00:00+08:00,528-000031,,,False,0,3,YS221_P0_(四信+M2-BD)S01_PCBA,588-000712,1,894,0,5,个
2026-08-05T00:00:00+08:00,528-000031,,,False,0,3,YS221-TNC转IPEX连接线,838-000403,1,740,0,1,个
2026-08-05T00:00:00+08:00,528-000031,,,False,0,3,YS221接收机上壳,165-002644,1,857,0,1,个
2026-08-05T00:00:00+08:00,528-000031,,,False,0,3,YS221接收机下壳(P+R),165-002702,1,870,0,3,个
2026-08-05T00:00:00+08:00,528-000031,,,False,0,3,YS221接收机防水硅胶件,165-002646,1,859,0,1,个
2026-08-05T00:00:00+08:00,528-000031,,,False,0,3,YS221_M16-12P信号转接线,994-000606,1,650,0,1,个
2026-08-05T00:00:00+08:00,528-000031,,,False,0,3,TNC防尘堵头,165-002708,1,2359,0,2,个
2026-08-05T00:00:00+08:00,528-000031,,,False,0,3,YN501_M16连接器防水胶套,165-000722,1,5404,0,3,个
2026-08-05T00:00:00+08:00,528-000031,,,False,0,3,GPS散热硅胶垫,165-002647,1,1660,0,2,个
2026-08-05T00:00:00+08:00,528-000031,,,False,0,3,M16*E19*L2.8六角螺母,849-000382,1,14703,0,3,个
2026-08-05T00:00:00+08:00,528-000031,,,False,0,3,812 M5防水透气阀,849-000717,1,3087,0,3,个
2026-08-05T00:00:00+08:00,528-000031,,,False,0,3,M3*10不锈钢耐落机制螺丝,849-000204,9,53184,0,2,个
2026-08-05T00:00:00+08:00,528-000031,,,False,0,3,M3*6-不锈钢十字圆头机牙螺丝_半耐落,849-000700,12,116123,0,3,个
2026-08-05T00:00:00+08:00,528-000031,,,False,0,3,YS221固定标签(国内),468-000565,1,1312,0,1,个
2026-08-05T00:00:00+08:00,791-000003,,,False,0,3,YN403_MAINBOARD_P2_PCBA,588-000726,1,1034,0,7,个
2026-08-05T00:00:00+08:00,791-000003,,,False,0,3,YN403_KEYBOARD_P0_PCBA,588-000654,1,1044,0,2,个
2026-08-05T00:00:00+08:00,791-000003,,,False,0,3,YN403_4GBOARD_P0_PCBA,588-000655,1,1034,0,6,个
2026-08-05T00:00:00+08:00,791-000003,,,False,0,3,YN403_后壳,165-002372,1,1046,0,3,个
2026-08-05T00:00:00+08:00,791-000003,,,False,0,3,YN403_SIM卡盖板,165-002375,1,1246,0,2,个
2026-08-05T00:00:00+08:00,791-000003,,,False,0,3,YN403_防水硅胶圈,165-002376,1,1566,0,1,个
2026-08-05T00:00:00+08:00,791-000003,,,False,0,3,YN403_USB防水密封圈,165-002377,1,1246,0,2,个
2026-08-05T00:00:00+08:00,791-000003,,,False,0,3,YN403_SIM卡防水密封圈,165-002378,1,3946,0,1,个
2026-08-05T00:00:00+08:00,791-000003,,,False,0,3,M2.5*6-不锈钢十字圆头机牙螺丝_半耐落,849-000846,3,138907,0,3,个
2026-08-05T00:00:00+08:00,791-000003,,,False,0,3,一卡三通NaNo物联卡（腾讯薄款）,182-000055,1,6393,0,1,张
2026-08-05T00:00:00+08:00,791-000003,,,False,0,3,YN406-4G天线,838-000375,1,1037,0,1,个
2026-08-05T00:00:00+08:00,791-000003,,,False,0,3,YN406-WIFI天线,838-000376,1,1039,0,1,个
2026-08-05T00:00:00+08:00,791-000003,,,False,0,3,YN403_导电泡棉3,165-002405,1,12791,0,2,个
2026-08-05T00:00:00+08:00,791-000003,,,False,0,3,YN403_导电泡棉6,165-002408,2,3292,0,1,个
2026-08-05T00:00:00+08:00,791-000003,,,False,0,3,YN403_前壳预装组件_不带终端互联,791-000012,1,144,0,2,个
2026-08-05T00:00:00+08:00,791-000003,,,False,0,3,701pro密封圈（摄像头）,165-000229,3,12420,0,3,个
2026-08-05T00:00:00+08:00,791-000003,,,False,0,3,308终端防水透气膜,795-000176,1,16708,0,1,个
2026-08-05T00:00:00+08:00,791-000003,,,False,0,3,M3*6十字薄头螺丝,849-000943,9,17514,0,1,个
2026-08-05T00:00:00+08:00,791-000003,,,False,0,3,M3*6-不锈钢十字圆头机牙螺丝_半耐落,849-000700,10,116123,0,3,个
2026-08-05T00:00:00+08:00,791-000003,,,False,0,3,M3*10不锈钢耐落机制螺丝,849-000204,14,53184,0,2,个
2026-08-05T00:00:00+08:00,791-000003,,,False,0,3,ST2.6*6-镀锌铁十字圆头尖尾自攻螺丝,849-000392,4,65052,0,3,个
2026-08-05T00:00:00+08:00,791-000003,,,False,0,3,M12*E19*L2.5六角螺帽,849-000208,3,17644,0,4,个
2026-08-05T00:00:00+08:00,791-000003,,,False,0,3,812 M5防水透气阀,849-000717,1,3087,0,3,个
2026-08-05T00:00:00+08:00,791-000003,,,False,0,3,701pro摄像头连接器防水胶套,165-000266,3,8667,0,4,个
2026-08-05T00:00:00+08:00,588-000712,,,False,0,4,贴片陶瓷电容,725-000176,1,39490,0,1,个
2026-08-05T00:00:00+08:00,588-000712,,,False,0,4,贴片陶瓷电容,725-000357,4,39950,0,3,个
2026-08-05T00:00:00+08:00,588-000712,,,False,0,4,贴片陶瓷电容,725-000179,3,247043,0,6,个
2026-08-05T00:00:00+08:00,588-000712,,,False,0,4,贴片陶瓷电容,725-000320,1,9500,0,1,个
2026-08-05T00:00:00+08:00,588-000712,,,False,0,4,贴片陶瓷电容,725-000226,24,1516029,0,12,个
2026-08-05T00:00:00+08:00,588-000712,,,False,0,4,贴片陶瓷电容,725-000086,1,1280510,0,5,个
2026-08-05T00:00:00+08:00,588-000712,,,False,0,4,贴片陶瓷电容,725-000307,10,44000,0,1,个
2026-08-05T00:00:00+08:00,588-000712,,,False,0,4,贴片陶瓷电容,725-000105,2,0,0,0,
2026-08-05T00:00:00+08:00,588-000712,,,False,0,4,贴片电阻,539-000022,4,58369,0,2,个
2026-08-05T00:00:00+08:00,588-000712,,,False,0,4,贴片电阻,539-000276,3,24944,0,2,个
2026-08-05T00:00:00+08:00,588-000712,,,False,0,4,贴片电阻,539-000026,1,80817,0,4,个
2026-08-05T00:00:00+08:00,588-000712,,,False,0,4,贴片电阻,539-000002,22,281246,0,4,个
2026-08-05T00:00:00+08:00,588-000712,,,False,0,4,贴片电阻,539-000267,2,155240,0,2,个
2026-08-05T00:00:00+08:00,588-000712,,,False,0,4,贴片电阻,539-000028,1,16260,0,2,个
2026-08-05T00:00:00+08:00,588-000712,,,False,0,4,贴片电阻,539-000106,1,74024,0,5,个
2026-08-05T00:00:00+08:00,588-000712,,,False,0,4,贴片电阻,539-000154,1,130018,0,2,个
2026-08-05T00:00:00+08:00,588-000712,,,False,0,4,贴片电阻,539-000162,1,140000,0,2,个
2026-08-05T00:00:00+08:00,588-000712,,,False,0,4,贴片电阻,539-000005,1,103388,0,2,个
2026-08-05T00:00:00+08:00,588-000712,,,False,0,4,贴片电阻,539-000025,1,20000,0,1,个
2026-08-05T00:00:00+08:00,588-000712,,,False,0,4,贴片电阻,539-000006,1,155903,0,2,个
2026-08-05T00:00:00+08:00,588-000712,,,False,0,4,贴片电阻,539-000008,5,210003,0,2,个
2026-08-05T00:00:00+08:00,588-000712,,,False,0,4,贴片电阻,539-000247,1,10000,0,1,个
2026-08-05T00:00:00+08:00,588-000712,,,False,0,4,贴片电阻,539-000411,1,10000,0,1,个
2026-08-05T00:00:00+08:00,588-000712,,,False,0,4,贴片电阻,539-000045,4,50029,0,1,个
2026-08-05T00:00:00+08:00,588-000712,,,False,0,4,贴片电阻,539-000018,2,94254,0,3,个
2026-08-05T00:00:00+08:00,588-000712,,,False,0,4,贴片电阻,539-000047,1,0,0,0,
2026-08-05T00:00:00+08:00,588-000712,,,False,0,4,贴片电阻,539-000048,1,20000,0,1,个
2026-08-05T00:00:00+08:00,588-000712,,,False,0,4,贴片电阻,539-000271,2,10000,0,1,个
2026-08-05T00:00:00+08:00,588-000712,,,False,0,4,肖特基二极管,454-000310,1,6000,0,1,个
2026-08-05T00:00:00+08:00,588-000712,,,False,0,4,贴片开关二极管,454-000213,1,30000,0,1,个
2026-08-05T00:00:00+08:00,588-000712,,,False,0,4,ESD静电保护管,454-000347,2,3000,0,1,个
2026-08-05T00:00:00+08:00,588-000712,,,False,0,4,12P双排卧插连接器,356-000602,1,2000,0,1,个
2026-08-05T00:00:00+08:00,588-000712,,,False,0,4,NPN三极管,358-000091,1,107329,0,2,个
2026-08-05T00:00:00+08:00,588-000712,,,False,0,4,TVS二极管,454-000319,1,0,0,0,
2026-08-05T00:00:00+08:00,588-000712,,,False,0,4,贴片共模电感,733-000121,1,20181,0,1,个
2026-08-05T00:00:00+08:00,588-000712,,,False,0,4,绕线贴片功率电感,733-000129,1,12000,0,1,个
2026-08-05T00:00:00+08:00,588-000712,,,False,0,4,贴片功率电感,733-000130,1,2824,0,1,个
2026-08-05T00:00:00+08:00,588-000712,,,False,0,4,电源芯片,972-000475,1,20999,0,3,个
2026-08-05T00:00:00+08:00,588-000712,,,False,0,4,DC-DC电源芯片,972-000815,1,3000,0,1,个
2026-08-05T00:00:00+08:00,588-000712,,,False,0,4,SS232收发器,972-000323,2,20000,0,1,个
2026-08-05T00:00:00+08:00,588-000712,,,False,0,4,四信LORA 模组,972-000528,1,0,0,0,
2026-08-05T00:00:00+08:00,588-000712,,,False,0,4,YS210_自研IMU模块_P1_PCBA,588-000649,1,0,0,0,
2026-08-05T00:00:00+08:00,588-000712,,,False,0,4,CAN收发器,972-000610,1,16998,0,2,个
2026-08-05T00:00:00+08:00,588-000712,,,False,0,4,YS221_P0_PCB,321-000543,1,0,0,0,
2026-08-05T00:00:00+08:00,588-000712,,,False,0,4,贴片螺母,849-000011,4,1045,0,2,个
2026-08-05T00:00:00+08:00,588-000712,,,False,0,4,1.37线径射频线夹,849-000215,2,0,0,0,
2026-08-05T00:00:00+08:00,588-000712,,,False,0,4,M3*6-不锈钢十字圆头机牙螺丝_半耐落,849-000700,4,116123,0,3,个
2026-08-05T00:00:00+08:00,588-000712,,,False,0,4,M3X7.5+4单头六角不锈钢螺柱，六角对边尺寸4.6,849-000484,2,600,0,1,个
2026-08-05T00:00:00+08:00,588-000712,,,False,0,4,M3X8+4单头六角铜柱，六角对边尺寸4.6,849-000023,2,0,0,0,
2026-08-05T00:00:00+08:00,588-000712,,,False,0,4,GPS模块M20_P2_S01_PCBA,588-000620,1,1,0,1,个
2026-08-05T00:00:00+08:00,588-000726,,,False,0,4,贴片电阻,539-000631,28,0,0,0,
2026-08-05T00:00:00+08:00,588-000726,,,False,0,4,YN403_Mainboard_P2_PCB,321-000556,1,0,0,0,
2026-08-05T00:00:00+08:00,588-000726,,,False,0,4,CPU,972-000746,1,0,0,0,
2026-08-05T00:00:00+08:00,588-000726,,,False,0,4,LPDDR4,972-000745,1,2812,0,2,个
2026-08-05T00:00:00+08:00,588-000726,,,False,0,4,PMIC,972-000744,1,0,0,0,
2026-08-05T00:00:00+08:00,588-000726,,,False,0,4,贴片共模电感,733-000121,2,20181,0,1,个
2026-08-05T00:00:00+08:00,588-000726,,,False,0,4,异步降压转换器,554-000036,2,19685,0,3,个
2026-08-05T00:00:00+08:00,588-000726,,,False,0,4,线性稳压器,554-000069,1,2955,0,1,个
2026-08-05T00:00:00+08:00,588-000726,,,False,0,4,DC-DC电源芯片,972-000273,2,3000,0,1,个
2026-08-05T00:00:00+08:00,588-000726,,,False,0,4,LDO,972-000338,3,24833,0,4,个
2026-08-05T00:00:00+08:00,588-000726,,,False,0,4,BOOST芯片,972-000418,2,5096,0,1,个
2026-08-05T00:00:00+08:00,588-000726,,,False,0,4,负载开关,972-000587,2,0,0,0,
2026-08-05T00:00:00+08:00,588-000726,,,False,0,4,限流负载开关,972-000333,2,18000,0,3,个
2026-08-05T00:00:00+08:00,588-000726,,,False,0,4,视频解码器,972-000196,1,12000,0,2,个
2026-08-05T00:00:00+08:00,588-000726,,,False,0,4,LED驱动,972-000743,1,0,0,0,
2026-08-05T00:00:00+08:00,588-000726,,,False,0,4,MCU,972-000536,1,13500,0,1,个
2026-08-05T00:00:00+08:00,588-000726,,,False,0,4,MCU电源监控芯片,972-000448,2,4590,0,1,个
2026-08-05T00:00:00+08:00,588-000726,,,False,0,4,音频功放,972-000270,1,4000,0,1,个
2026-08-05T00:00:00+08:00,588-000726,,,False,0,4,CAN收发器,972-000610,2,16998,0,2,个
2026-08-05T00:00:00+08:00,588-000726,,,False,0,4,逻辑芯片,972-000432,1,8985,0,2,个
2026-08-05T00:00:00+08:00,588-000726,,,False,0,4,SS232收发器,972-000323,1,20000,0,1,个
2026-08-05T00:00:00+08:00,588-000726,,,False,0,4,WIFI+蓝牙模块,972-000085,1,0,0,0,
2026-08-05T00:00:00+08:00,588-000726,,,False,0,4,随机存储器,972-000303,1,5000,0,2,个
2026-08-05T00:00:00+08:00,588-000726,,,False,0,4,DCDC转换器,972-000770,1,6000,0,2,个
2026-08-05T00:00:00+08:00,588-000726,,,False,0,4,电压监控IC,972-000741,1,6000,0,2,个
2026-08-05T00:00:00+08:00,588-000726,,,False,0,4,贴片无源晶振,527-000036,1,14112,0,3,个
2026-08-05T00:00:00+08:00,588-000726,,,False,0,4,贴片无源晶振,527-000038,1,15000,0,1,个
2026-08-05T00:00:00+08:00,588-000726,,,False,0,4,法拉电容,725-000342,2,12676,0,1,个
2026-08-05T00:00:00+08:00,588-000726,,,False,0,4,IPEX天线座,356-000081,1,10153,0,2,个
2026-08-05T00:00:00+08:00,588-000726,,,False,0,4,40pin卧贴抽屉式FPC连接器,356-000200,1,11995,0,2,个
2026-08-05T00:00:00+08:00,588-000726,,,False,0,4,贴片陶瓷电容,725-000174,7,38000,0,1,个
2026-08-05T00:00:00+08:00,588-000726,,,False,0,4,贴片陶瓷电容,725-000167,4,92016,0,1,个
2026-08-05T00:00:00+08:00,588-000726,,,False,0,4,贴片陶瓷电容,725-000041,18,530000,0,1,个
2026-08-05T00:00:00+08:00,588-000726,,,False,0,4,贴片陶瓷电容,725-000118,4,11567,0,4,个
2026-08-05T00:00:00+08:00,588-000726,,,False,0,4,贴片陶瓷电容,725-000033,33,19550,0,2,个
2026-08-05T00:00:00+08:00,588-000726,,,False,0,4,贴片陶瓷电容,725-000089,41,153909,0,3,个
2026-08-05T00:00:00+08:00,588-000726,,,False,0,4,贴片陶瓷电容,725-000015,1,168000,0,8,个
2026-08-05T00:00:00+08:00,588-000726,,,False,0,4,贴片陶瓷电容,725-000104,13,42038,0,2,个
2026-08-05T00:00:00+08:00,588-000726,,,False,0,4,贴片陶瓷电容,725-000019,5,22667,0,3,个
2026-08-05T00:00:00+08:00,588-000726,,,False,0,4,贴片陶瓷电容,725-000048,8,73850,0,3,个
2026-08-05T00:00:00+08:00,588-000726,,,False,0,4,贴片陶瓷电容,725-000083,2,0,0,0,
2026-08-05T00:00:00+08:00,588-000726,,,False,0,4,贴片陶瓷电容,725-000046,5,58000,0,3,个
2026-08-05T00:00:00+08:00,588-000726,,,False,0,4,贴片陶瓷电容,725-000101,6,19650,0,2,个
2026-08-05T00:00:00+08:00,588-000726,,,False,0,4,贴片陶瓷电容,725-000170,3,44000,0,1,个
2026-08-05T00:00:00+08:00,588-000726,,,False,0,4,贴片陶瓷电容,725-000007,2,20000,0,2,个
2026-08-05T00:00:00+08:00,588-000726,,,False,0,4,贴片陶瓷电容,725-000129,1,40000,0,2,个
2026-08-05T00:00:00+08:00,588-000726,,,False,0,4,贴片陶瓷电容,725-000242,79,40200,0,1,个
2026-08-05T00:00:00+08:00,588-000726,,,False,0,4,贴片陶瓷电容,725-000249,5,0,0,0,
2026-08-05T00:00:00+08:00,588-000726,,,False,0,4,贴片陶瓷电容,725-000448,8,19700,0,1,个
2026-08-05T00:00:00+08:00,588-000726,,,False,0,4,贴片陶瓷电容,725-000069,7,356000,0,3,个
2026-08-05T00:00:00+08:00,588-000726,,,False,0,4,稳压二极管,454-000206,3,36000,0,1,个
2026-08-05T00:00:00+08:00,588-000726,,,False,0,4,肖特基二极管,454-000009,2,8062,0,4,个
2026-08-05T00:00:00+08:00,588-000726,,,False,0,4,TVS二极管,454-000256,1,20100,0,3,个
2026-08-05T00:00:00+08:00,588-000726,,,False,0,4,肖特基二极管,454-000187,2,23676,0,3,个
2026-08-05T00:00:00+08:00,588-000726,,,False,0,4,贴片开关二极管,454-000181,4,116449,0,6,个
2026-08-05T00:00:00+08:00,588-000726,,,False,0,4,ESD二极管,454-000258,18,108608,0,6,个
2026-08-05T00:00:00+08:00,588-000726,,,False,0,4,ESD二极管,454-000050,2,67706,0,3,个
2026-08-05T00:00:00+08:00,588-000726,,,False,0,4,贴片发光二极管,690-000012,4,119987,0,3,个
2026-08-05T00:00:00+08:00,588-000726,,,False,0,4,TVS二极管,454-000068,1,160076,0,3,个
2026-08-05T00:00:00+08:00,588-000726,,,False,0,4,贴片磁珠,733-000154,11,16000,0,2,个
2026-08-05T00:00:00+08:00,588-000726,,,False,0,4,贴片磁珠,733-000084,3,123364,0,4,个
2026-08-05T00:00:00+08:00,588-000726,,,False,0,4,M12防水8P-B款板端公头-26L,356-000491,1,0,0,0,
2026-08-05T00:00:00+08:00,588-000726,,,False,0,4,M12防水5P-A款板端公头-26L,356-000490,1,0,0,0,
2026-08-05T00:00:00+08:00,588-000726,,,False,0,4,M12防水6P-A款板端公头-26L,356-000557,1,0,0,0,
2026-08-05T00:00:00+08:00,588-000726,,,False,0,4,肖特基二极管,454-000322,1,96000,0,2,个
2026-08-05T00:00:00+08:00,588-000726,,,False,0,4,白色贴片插座母座,356-000251,1,4000,0,1,个
2026-08-05T00:00:00+08:00,588-000726,,,False,0,4,双排排母 立贴 2.0Pitch 2X5pin,356-000559,1,0,0,0,
2026-08-05T00:00:00+08:00,588-000726,,,False,0,4,双排排母 立贴 2.0Pitch 2X4pin,356-000561,1,0,0,0,
2026-08-05T00:00:00+08:00,588-000726,,,False,0,4,双排排母 立贴 2.0Pitch 2X7pin,356-000563,1,1000,0,1,个
2026-08-05T00:00:00+08:00,588-000726,,,False,0,4,1.37线径射频线夹,849-000215,1,0,0,0,
2026-08-05T00:00:00+08:00,588-000726,,,False,0,4,贴片功率电感,733-000100,2,34513,0,5,个
2026-08-05T00:00:00+08:00,588-000726,,,False,0,4,绕线贴片功率电感,733-000023,1,1500,0,1,个
2026-08-05T00:00:00+08:00,588-000726,,,False,0,4,功率电感,733-000082,5,10000,0,1,个
2026-08-05T00:00:00+08:00,588-000726,,,False,0,4,贴片功率电感,733-000130,2,2824,0,1,个
2026-08-05T00:00:00+08:00,588-000726,,,False,0,4,绕线贴片功率电感,733-000039,2,12000,0,2,个
2026-08-05T00:00:00+08:00,588-000726,,,False,0,4,绕线贴片功率电感,733-000038,2,12293,0,3,个
2026-08-05T00:00:00+08:00,588-000726,,,False,0,4,绕线贴片功率电感,733-000043,1,0,0,0,
2026-08-05T00:00:00+08:00,588-000726,,,False,0,4,贴片螺母,849-000929,4,0,0,0,
2026-08-05T00:00:00+08:00,588-000726,,,False,0,4,贴片螺母,849-000928,3,8378,0,1,个
2026-08-05T00:00:00+08:00,588-000726,,,False,0,4,贴片螺母,849-000011,4,1045,0,2,个
2026-08-05T00:00:00+08:00,588-000726,,,False,0,4,贴片PMOS管,358-000166,3,8940,0,2,个
2026-08-05T00:00:00+08:00,588-000726,,,False,0,4,MOSFET,358-000180,2,14812,0,4,个
2026-08-05T00:00:00+08:00,588-000726,,,False,0,4,贴片电阻,539-000124,1,75000,0,3,个
2026-08-05T00:00:00+08:00,588-000726,,,False,0,4,贴片电阻,539-000046,1,111065,0,2,个
2026-08-05T00:00:00+08:00,588-000726,,,False,0,4,贴片电阻,539-000374,2,260000,0,10,个
2026-08-05T00:00:00+08:00,588-000726,,,False,0,4,贴片电阻,539-000237,2,100000,0,1,个
2026-08-05T00:00:00+08:00,588-000726,,,False,0,4,贴片电阻,539-000382,1,49056,0,2,个
2026-08-05T00:00:00+08:00,588-000726,,,False,0,4,贴片电阻,539-000147,4,178381,0,4,个
2026-08-05T00:00:00+08:00,588-000726,,,False,0,4,贴片电阻,539-000082,2,99999,0,3,个
2026-08-05T00:00:00+08:00,588-000726,,,False,0,4,贴片电阻,539-000075,2,90060,0,1,个
2026-08-05T00:00:00+08:00,588-000726,,,False,0,4,贴片电阻,539-000318,1,9996,0,1,个
2026-08-05T00:00:00+08:00,588-000726,,,False,0,4,贴片电阻,539-000162,4,140000,0,2,个
2026-08-05T00:00:00+08:00,588-000726,,,False,0,4,贴片电阻,539-000015,1,20000,0,1,个
2026-08-05T00:00:00+08:00,588-000726,,,False,0,4,贴片电阻,539-000031,8,134234,0,3,个
2026-08-05T00:00:00+08:00,588-000726,,,False,0,4,贴片电阻,539-000249,1,10000,0,1,个
2026-08-05T00:00:00+08:00,588-000726,,,False,0,4,贴片电阻,539-000042,1,40190,0,2,个
2026-08-05T00:00:00+08:00,588-000726,,,False,0,4,贴片电阻,539-000287,1,9999,0,1,个
2026-08-05T00:00:00+08:00,588-000726,,,False,0,4,贴片电阻,539-000014,1,76904,0,1,个
2026-08-05T00:00:00+08:00,588-000726,,,False,0,4,贴片电阻,539-000048,1,20000,0,1,个
2026-08-05T00:00:00+08:00,588-000726,,,False,0,4,贴片电阻,539-000002,54,281246,0,4,个
2026-08-05T00:00:00+08:00,588-000726,,,False,0,4,贴片电阻,539-000264,1,33246,0,3,个
2026-08-05T00:00:00+08:00,588-000726,,,False,0,4,贴片电阻,539-000006,10,155903,0,2,个
2026-08-05T00:00:00+08:00,588-000726,,,False,0,4,贴片电阻,539-000045,1,50029,0,1,个
2026-08-05T00:00:00+08:00,588-000726,,,False,0,4,贴片电阻,539-000050,1,30060,0,2,个
2026-08-05T00:00:00+08:00,588-000726,,,False,0,4,贴片电阻,539-000073,1,40818,0,4,个
2026-08-05T00:00:00+08:00,588-000726,,,False,0,4,贴片电阻,539-000018,4,94254,0,3,个
2026-08-05T00:00:00+08:00,588-000726,,,False,0,4,贴片电阻,539-000070,2,90000,0,1,个
2026-08-05T00:00:00+08:00,588-000726,,,False,0,4,贴片电阻,539-000171,1,19900,0,2,个
2026-08-05T00:00:00+08:00,588-000726,,,False,0,4,贴片电阻,539-000159,4,21771,0,2,个
2026-08-05T00:00:00+08:00,588-000726,,,False,0,4,贴片电阻,539-000248,2,19152,0,2,个
2026-08-05T00:00:00+08:00,588-000726,,,False,0,4,贴片电阻,539-000241,2,20250,0,2,个
2026-08-05T00:00:00+08:00,588-000726,,,False,0,4,贴片电阻,539-000094,2,47829,0,2,个
2026-08-05T00:00:00+08:00,588-000726,,,False,0,4,贴片电阻,539-000099,2,0,0,0,
2026-08-05T00:00:00+08:00,588-000726,,,False,0,4,贴片电阻,539-000037,1,14087,0,2,个
2026-08-05T00:00:00+08:00,588-000726,,,False,0,4,贴片电阻,539-000103,11,150000,0,4,个
2026-08-05T00:00:00+08:00,588-000726,,,False,0,4,贴片电阻,539-000027,2,130437,0,2,个
2026-08-05T00:00:00+08:00,588-000726,,,False,0,4,贴片电阻,539-000251,1,5000,0,1,个
2026-08-05T00:00:00+08:00,588-000726,,,False,0,4,贴片电阻,539-000110,2,395000,0,7,个
2026-08-05T00:00:00+08:00,588-000726,,,False,0,4,贴片电阻,539-000100,2,133845,0,3,个
2026-08-05T00:00:00+08:00,588-000726,,,False,0,4,贴片电阻,539-000138,11,29740,0,3,个
2026-08-05T00:00:00+08:00,588-000726,,,False,0,4,贴片电阻,539-000326,4,0,0,0,
2026-08-05T00:00:00+08:00,588-000726,,,False,0,4,贴片电阻,539-000120,4,64951,0,5,个
2026-08-05T00:00:00+08:00,588-000726,,,False,0,4,贴片电阻,539-000244,1,21059,0,2,个
2026-08-05T00:00:00+08:00,588-000726,,,False,0,4,贴片可恢复保险丝,364-000050,9,35885,0,1,个
2026-08-05T00:00:00+08:00,588-000726,,,False,0,4,贴片电阻,539-000300,2,31671,0,3,个
2026-08-05T00:00:00+08:00,588-000726,,,False,0,4,贴片电阻,539-000276,2,24944,0,2,个
2026-08-05T00:00:00+08:00,588-000726,,,False,0,4,贴片电阻,539-000026,2,80817,0,4,个
2026-08-05T00:00:00+08:00,588-000726,,,False,0,4,贴片电阻,539-000515,1,20000,0,2,个
2026-08-05T00:00:00+08:00,588-000726,,,False,0,4,贴片电阻,539-000063,2,86000,0,1,个
2026-08-05T00:00:00+08:00,588-000726,,,False,0,4,贴片电阻,539-000114,1,45000,0,5,个
2026-08-05T00:00:00+08:00,588-000726,,,False,0,4,贴片电阻,539-000386,2,25000,0,1,个
2026-08-05T00:00:00+08:00,588-000726,,,False,0,4,轻触开关,895-000088,1,0,0,0,
2026-08-05T00:00:00+08:00,588-000726,,,False,0,4,YN403主板CPU屏蔽罩,795-000884,2,1885,0,1,个
2026-08-05T00:00:00+08:00,588-000726,,,False,0,4,YN403主板CPU屏蔽罩支架,795-000885,2,1730,0,1,个
2026-08-05T00:00:00+08:00,588-000726,,,False,0,4,YN403主板电源屏蔽罩,795-000886,1,2300,0,1,个
2026-08-05T00:00:00+08:00,588-000726,,,False,0,4,YN403主板电源屏蔽罩支架,795-000887,1,2300,0,1,个
2026-08-05T00:00:00+08:00,588-000726,,,False,0,4,M3X9+4单头六角铜柱，六角对边尺寸4.6,849-000942,4,0,0,0,
2026-08-05T00:00:00+08:00,588-000726,,,False,0,4,M3*6十字薄头螺丝,849-000943,4,17514,0,1,个
2026-08-05T00:00:00+08:00,588-000726,,,False,0,4,YN403_USB&SIM_P1_PCBA,588-000653,1,0,0,0,
2026-08-05T00:00:00+08:00,588-000654,,,False,0,4,双排排针 DIP 2.0Pitch 2X4pin,356-000560,1,0,0,0,
2026-08-05T00:00:00+08:00,588-000654,,,False,0,4,YN403_KEYBOARD_P0_PCB,321-000502,1,0,0,0,
2026-08-05T00:00:00+08:00,588-000654,,,False,0,4,贴片发光二极管,690-000047,10,18854,0,3,个
2026-08-05T00:00:00+08:00,588-000654,,,False,0,4,贴片电阻,539-000110,10,395000,0,7,个
2026-08-05T00:00:00+08:00,588-000655,,,False,0,4,YN403_4GBOARD_P0_PCB,321-000503,1,0,0,0,
2026-08-05T00:00:00+08:00,588-000655,,,False,0,4,IPEX天线座,356-000081,1,10153,0,2,个
2026-08-05T00:00:00+08:00,588-000655,,,False,0,4,贴片陶瓷电容,725-000089,2,153909,0,3,个
2026-08-05T00:00:00+08:00,588-000655,,,False,0,4,贴片陶瓷电容,725-000041,4,530000,0,1,个
2026-08-05T00:00:00+08:00,588-000655,,,False,0,4,贴片陶瓷电容,725-000088,1,116000,0,2,个
2026-08-05T00:00:00+08:00,588-000655,,,False,0,4,贴片陶瓷电容,725-000019,6,22667,0,3,个
2026-08-05T00:00:00+08:00,588-000655,,,False,0,4,贴片陶瓷电容,725-000033,1,19550,0,2,个
2026-08-05T00:00:00+08:00,588-000655,,,False,0,4,ESD二极管,454-000258,11,108608,0,6,个
2026-08-05T00:00:00+08:00,588-000655,,,False,0,4,贴片磁珠,733-000084,3,123364,0,4,个
2026-08-05T00:00:00+08:00,588-000655,,,False,0,4,1.37线径射频线夹,849-000215,2,0,0,0,
2026-08-05T00:00:00+08:00,588-000655,,,False,0,4,贴片功率电感,733-000236,1,2000,0,1,个
2026-08-05T00:00:00+08:00,588-000655,,,False,0,4,贴片PMOS管,358-000166,1,8940,0,2,个
2026-08-05T00:00:00+08:00,588-000655,,,False,0,4,贴片电阻,539-000026,1,80817,0,4,个
2026-08-05T00:00:00+08:00,588-000655,,,False,0,4,贴片电阻,539-000043,1,19690,0,2,个
2026-08-05T00:00:00+08:00,588-000655,,,False,0,4,贴片电阻,539-000162,2,140000,0,2,个
2026-08-05T00:00:00+08:00,588-000655,,,False,0,4,贴片电阻,539-000002,6,281246,0,4,个
2026-08-05T00:00:00+08:00,588-000655,,,False,0,4,贴片电阻,539-000006,1,155903,0,2,个
2026-08-05T00:00:00+08:00,588-000655,,,False,0,4,双排排针 DIP 2.0Pitch 2X7pin,356-000562,1,0,0,0,
2026-08-05T00:00:00+08:00,791-000012,,,False,0,4,YN403_前壳,165-002371,1,119,0,5,个
2026-08-05T00:00:00+08:00,588-000649,,,False,0,5,YS210_自研IMU模块_P1_PCB,321-000498,1,0,0,0,
2026-08-05T00:00:00+08:00,588-000649,,,False,0,5,408IMU自研屏蔽罩V2,795-000863,1,550,0,2,个
2026-08-05T00:00:00+08:00,588-000649,,,False,0,5,贴片陶瓷电容,725-000242,13,40200,0,1,个
2026-08-05T00:00:00+08:00,588-000649,,,False,0,5,贴片陶瓷电容,725-000415,2,29750,0,2,个
2026-08-05T00:00:00+08:00,588-000649,,,False,0,5,贴片陶瓷电容,725-000431,3,10000,0,1,个
2026-08-05T00:00:00+08:00,588-000649,,,False,0,5,贴片陶瓷电容,725-000432,1,15000,0,1,个
2026-08-05T00:00:00+08:00,588-000649,,,False,0,5,贴片陶瓷电容,725-000433,2,15000,0,1,个
2026-08-05T00:00:00+08:00,588-000649,,,False,0,5,贴片陶瓷电容,725-000434,1,0,0,0,
2026-08-05T00:00:00+08:00,588-000649,,,False,0,5,贴片电阻,539-000379,7,10000,0,1,个
2026-08-05T00:00:00+08:00,588-000649,,,False,0,5,贴片电阻,539-000310,26,20000,0,1,个
2026-08-05T00:00:00+08:00,588-000649,,,False,0,5,贴片电阻,539-000589,1,20000,0,2,个
2026-08-05T00:00:00+08:00,588-000649,,,False,0,5,贴片电阻,539-000544,2,0,0,0,
2026-08-05T00:00:00+08:00,588-000649,,,False,0,5,IMU,972-000264,1,0,0,0,
2026-08-05T00:00:00+08:00,588-000649,,,False,0,5,IMU,972-000688,1,230,0,1,个
2026-08-05T00:00:00+08:00,588-000649,,,False,0,5,MCU,972-000689,1,12019,0,3,个
2026-08-05T00:00:00+08:00,588-000649,,,False,0,5,贴片IMU,972-000159,1,5000,0,2,个
2026-08-05T00:00:00+08:00,588-000649,,,False,0,5,贴片无源晶振,527-000053,1,6001,0,2,个
2026-08-05T00:00:00+08:00,588-000620,,,False,0,5,贴片电阻,539-000245,1,20000,0,2,个
2026-08-05T00:00:00+08:00,588-000620,,,False,0,5,GPS模块,972-000712,1,295,0,2,个
2026-08-05T00:00:00+08:00,588-000620,,,False,0,5,GPS模块M20_P2_PCB,321-000476,1,0,0,0,
2026-08-05T00:00:00+08:00,588-000620,,,False,0,5,贴片陶瓷电容,725-000004,1,20000,0,2,个
2026-08-05T00:00:00+08:00,588-000620,,,False,0,5,贴片陶瓷电容,725-000088,1,116000,0,2,个
2026-08-05T00:00:00+08:00,588-000620,,,False,0,5,贴片电阻,539-000001,6,286734,0,5,个
2026-08-05T00:00:00+08:00,588-000620,,,False,0,5,贴片电阻,539-000003,4,181785,0,2,个
2026-08-05T00:00:00+08:00,588-000620,,,False,0,5,贴片电阻,539-000005,3,103388,0,2,个
2026-08-05T00:00:00+08:00,588-000620,,,False,0,5,贴片电阻,539-000018,2,94254,0,3,个
2026-08-05T00:00:00+08:00,588-000620,,,False,0,5,贴片发光二极管,690-000012,1,119987,0,3,个
2026-08-05T00:00:00+08:00,588-000620,,,False,0,5,贴片发光二极管,690-000005,1,6675,0,2,个
2026-08-05T00:00:00+08:00,588-000620,,,False,0,5,ESD静电保护管,454-000004,7,0,0,0,
2026-08-05T00:00:00+08:00,588-000620,,,False,0,5,贴片自恢复保险丝,364-000046,1,10000,0,2,个
2026-08-05T00:00:00+08:00,588-000620,,,False,0,5,贴片功率电感,733-000199,1,20000,0,2,个
2026-08-05T00:00:00+08:00,588-000620,,,False,0,5,负载开关,972-000587,1,0,0,0,
2026-08-05T00:00:00+08:00,588-000653,,,False,0,5,双排排针 DIP 2.0Pitch 2X5pin,356-000558,1,0,0,0,
2026-08-05T00:00:00+08:00,588-000653,,,False,0,5,YN403_USB&SIM_P1_PCB,321-000501,1,0,0,0,
2026-08-05T00:00:00+08:00,588-000653,,,False,0,5,沉板前插后贴式短款USB 2.0母座,356-000389,1,0,0,0,
2026-08-05T00:00:00+08:00,588-000653,,,False,0,5,ESD二极管,454-000258,6,108608,0,6,个
2026-08-05T00:00:00+08:00,588-000653,,,False,0,5,Push-Push Nano SIM 卡座,356-000382,1,0,0,0,
2026-08-05T00:00:00+08:00,588-000653,,,False,0,5,贴片电阻,539-000026,3,80817,0,4,个
