alt_method,standard_usage,alt_group_no,is_substitute,material_name,alt_priority,bom_level,parent_material_code,material_code,bom_version,available_qty,reserved_qty,stock_rows,inventory_uom
,1,,False,YN406预组装包(拖拉机),0,1,382-000005,791-000013,2026-08-05T00:00:00+08:00,1000,0,1,个
,1,,False,YN406 包装外箱_V2,0,1,382-000005,606-000989,2026-08-05T00:00:00+08:00,344,0,2,个
,1,,False,YN406 珍珠棉内托_V2,0,1,382-000005,606-000990,2026-08-05T00:00:00+08:00,400,0,3,个
,1,,False,YS221A接收机组件_国内,0,1,382-000005,528-000036,2026-08-05T00:00:00+08:00,34,0,1,个
,1,,False,YN406B方向盘组件（拖拉机）,0,1,382-000005,791-000007,2026-08-05T00:00:00+08:00,0,0,0,
,1,,False,406电源+电机+接收机连接线,0,1,382-000005,994-000550,2026-08-05T00:00:00+08:00,1875,0,8,个
,1,,False,YN406说明书（中文）,0,1,382-000005,468-000493,2026-08-05T00:00:00+08:00,1867,0,1,个
,1,,False,导航车贴(60*15cm),0,1,382-000005,468-000530,2026-08-05T00:00:00+08:00,1500,0,1,个
,1,,False,YN403显示终端整机_预装组件_拖拉机,0,1,382-000005,791-000015,2026-08-05T00:00:00+08:00,0,0,0,
,1,,False,IMU、蘑菇头、显示终端安装附件包(30长),0,2,791-000013,795-000993,2026-08-05T00:00:00+08:00,2000,0,1,包
,1,,False,I406 预组装外箱,0,2,791-000013,606-000852,2026-08-05T00:00:00+08:00,600,0,1,个
,1,,False,I406 预组装珍珠棉内托,0,2,791-000013,606-000853,2026-08-05T00:00:00+08:00,590,0,1,个
,1,,False,显示终端安装附件包,0,2,791-000013,795-000130,2026-08-05T00:00:00+08:00,1124,0,2,个
,1,,False,终端RAM支架U型底座安装附件包,0,2,791-000013,795-000728,2026-08-05T00:00:00+08:00,2950,0,2,个
,1,,False,电机安装附件包,0,2,791-000013,795-000302,2026-08-05T00:00:00+08:00,2374,0,1,个
,1,,False,1号电机支架底板圆柱（L=100mm）,0,2,791-000013,165-000257,2026-08-05T00:00:00+08:00,1409,0,3,个
,1,,False,电机1号安装支架附件包,0,2,791-000013,795-000865,2026-08-05T00:00:00+08:00,2867,0,2,个
,10,,False,线束安装附件包,0,2,791-000013,795-000133,2026-08-05T00:00:00+08:00,26297,0,3,个
,1,,False,4号自封袋,0,2,791-000013,606-000012,2026-08-05T00:00:00+08:00,19500,0,1,个
,1,,False,YS221A接收机整机_国内版_整机,0,2,528-000036,528-000031,2026-08-05T00:00:00+08:00,391,0,1,个
,4,,False,M6X16不锈钢外六角三组合螺丝_半耐落,0,2,528-000036,849-001021,2026-08-05T00:00:00+08:00,8843,0,2,个
,6,,False,M4*22_不锈钢杯头内六角滚花机牙螺丝_整圈耐落,0,2,791-000007,849-000288,2026-08-05T00:00:00+08:00,161549,0,9,个
,1,,False,YN403（406）整机,0,2,791-000015,791-000003,2026-08-05T00:00:00+08:00,445,0,4,个
,1,,False,308终端RAM支架,0,2,791-000015,165-000120,2026-08-05T00:00:00+08:00,1712,0,1,个
,4,,False,M5*22_不锈钢内六角机牙螺丝_整圈耐落,0,2,791-000015,849-000987,2026-08-05T00:00:00+08:00,19826,0,5,个
,1,,False,YS221_P0_(四信+M2-BD)S01_PCBA,0,3,528-000031,588-000712,2026-08-05T00:00:00+08:00,894,0,5,个
,1,,False,YS221-TNC转IPEX连接线,0,3,528-000031,838-000403,2026-08-05T00:00:00+08:00,740,0,1,个
,1,,False,YS221接收机上壳,0,3,528-000031,165-002644,2026-08-05T00:00:00+08:00,857,0,1,个
,1,,False,YS221接收机下壳(P+R),0,3,528-000031,165-002702,2026-08-05T00:00:00+08:00,870,0,3,个
,1,,False,YS221接收机防水硅胶件,0,3,528-000031,165-002646,2026-08-05T00:00:00+08:00,859,0,1,个
,1,,False,YS221_M16-12P信号转接线,0,3,528-000031,994-000606,2026-08-05T00:00:00+08:00,650,0,1,个
,1,,False,TNC防尘堵头,0,3,528-000031,165-002708,2026-08-05T00:00:00+08:00,2359,0,2,个
,1,,False,YN501_M16连接器防水胶套,0,3,528-000031,165-000722,2026-08-05T00:00:00+08:00,5404,0,3,个
,1,,False,GPS散热硅胶垫,0,3,528-000031,165-002647,2026-08-05T00:00:00+08:00,1660,0,2,个
,1,,False,M16*E19*L2.8六角螺母,0,3,528-000031,849-000382,2026-08-05T00:00:00+08:00,14703,0,3,个
,1,,False,812 M5防水透气阀,0,3,528-000031,849-000717,2026-08-05T00:00:00+08:00,3087,0,3,个
,9,,False,M3*10不锈钢耐落机制螺丝,0,3,528-000031,849-000204,2026-08-05T00:00:00+08:00,53184,0,2,个
,12,,False,M3*6-不锈钢十字圆头机牙螺丝_半耐落,0,3,528-000031,849-000700,2026-08-05T00:00:00+08:00,116123,0,3,个
,1,,False,YS221固定标签(国内),0,3,528-000031,468-000565,2026-08-05T00:00:00+08:00,1312,0,1,个
,1,,False,YN403_MAINBOARD_P2_PCBA,0,3,791-000003,588-000726,2026-08-05T00:00:00+08:00,1034,0,7,个
,1,,False,YN403_KEYBOARD_P0_PCBA,0,3,791-000003,588-000654,2026-08-05T00:00:00+08:00,1044,0,2,个
,1,,False,YN403_4GBOARD_P0_PCBA,0,3,791-000003,588-000655,2026-08-05T00:00:00+08:00,1034,0,6,个
,1,,False,YN403_后壳,0,3,791-000003,165-002372,2026-08-05T00:00:00+08:00,1046,0,3,个
,1,,False,YN403_SIM卡盖板,0,3,791-000003,165-002375,2026-08-05T00:00:00+08:00,1246,0,2,个
,1,,False,YN403_防水硅胶圈,0,3,791-000003,165-002376,2026-08-05T00:00:00+08:00,1566,0,1,个
,1,,False,YN403_USB防水密封圈,0,3,791-000003,165-002377,2026-08-05T00:00:00+08:00,1246,0,2,个
,1,,False,YN403_SIM卡防水密封圈,0,3,791-000003,165-002378,2026-08-05T00:00:00+08:00,3946,0,1,个
,3,,False,M2.5*6-不锈钢十字圆头机牙螺丝_半耐落,0,3,791-000003,849-000846,2026-08-05T00:00:00+08:00,138907,0,3,个
,1,,False,一卡三通NaNo物联卡（腾讯薄款）,0,3,791-000003,182-000055,2026-08-05T00:00:00+08:00,6393,0,1,张
,1,,False,YN406-4G天线,0,3,791-000003,838-000375,2026-08-05T00:00:00+08:00,1037,0,1,个
,1,,False,YN406-WIFI天线,0,3,791-000003,838-000376,2026-08-05T00:00:00+08:00,1039,0,1,个
,1,,False,YN403_导电泡棉3,0,3,791-000003,165-002405,2026-08-05T00:00:00+08:00,12791,0,2,个
,2,,False,YN403_导电泡棉6,0,3,791-000003,165-002408,2026-08-05T00:00:00+08:00,3292,0,1,个
,1,,False,YN403_前壳预装组件_不带终端互联,0,3,791-000003,791-000012,2026-08-05T00:00:00+08:00,144,0,2,个
,3,,False,701pro密封圈（摄像头）,0,3,791-000003,165-000229,2026-08-05T00:00:00+08:00,12420,0,3,个
,1,,False,308终端防水透气膜,0,3,791-000003,795-000176,2026-08-05T00:00:00+08:00,16708,0,1,个
,9,,False,M3*6十字薄头螺丝,0,3,791-000003,849-000943,2026-08-05T00:00:00+08:00,17514,0,1,个
,10,,False,M3*6-不锈钢十字圆头机牙螺丝_半耐落,0,3,791-000003,849-000700,2026-08-05T00:00:00+08:00,116123,0,3,个
,14,,False,M3*10不锈钢耐落机制螺丝,0,3,791-000003,849-000204,2026-08-05T00:00:00+08:00,53184,0,2,个
,4,,False,ST2.6*6-镀锌铁十字圆头尖尾自攻螺丝,0,3,791-000003,849-000392,2026-08-05T00:00:00+08:00,65052,0,3,个
,3,,False,M12*E19*L2.5六角螺帽,0,3,791-000003,849-000208,2026-08-05T00:00:00+08:00,17644,0,4,个
,1,,False,812 M5防水透气阀,0,3,791-000003,849-000717,2026-08-05T00:00:00+08:00,3087,0,3,个
,3,,False,701pro摄像头连接器防水胶套,0,3,791-000003,165-000266,2026-08-05T00:00:00+08:00,8667,0,4,个
,1,,False,贴片陶瓷电容,0,4,588-000712,725-000176,2026-08-05T00:00:00+08:00,39490,0,1,个
,4,,False,贴片陶瓷电容,0,4,588-000712,725-000357,2026-08-05T00:00:00+08:00,39950,0,3,个
,3,,False,贴片陶瓷电容,0,4,588-000712,725-000179,2026-08-05T00:00:00+08:00,247043,0,6,个
,1,,False,贴片陶瓷电容,0,4,588-000712,725-000320,2026-08-05T00:00:00+08:00,9500,0,1,个
,24,,False,贴片陶瓷电容,0,4,588-000712,725-000226,2026-08-05T00:00:00+08:00,1516029,0,12,个
,1,,False,贴片陶瓷电容,0,4,588-000712,725-000086,2026-08-05T00:00:00+08:00,1280510,0,5,个
,10,,False,贴片陶瓷电容,0,4,588-000712,725-000307,2026-08-05T00:00:00+08:00,44000,0,1,个
,2,,False,贴片陶瓷电容,0,4,588-000712,725-000105,2026-08-05T00:00:00+08:00,0,0,0,
,4,,False,贴片电阻,0,4,588-000712,539-000022,2026-08-05T00:00:00+08:00,58369,0,2,个
,3,,False,贴片电阻,0,4,588-000712,539-000276,2026-08-05T00:00:00+08:00,24944,0,2,个
,1,,False,贴片电阻,0,4,588-000712,539-000026,2026-08-05T00:00:00+08:00,80817,0,4,个
,22,,False,贴片电阻,0,4,588-000712,539-000002,2026-08-05T00:00:00+08:00,281246,0,4,个
,2,,False,贴片电阻,0,4,588-000712,539-000267,2026-08-05T00:00:00+08:00,155240,0,2,个
,1,,False,贴片电阻,0,4,588-000712,539-000028,2026-08-05T00:00:00+08:00,16260,0,2,个
,1,,False,贴片电阻,0,4,588-000712,539-000106,2026-08-05T00:00:00+08:00,74024,0,5,个
,1,,False,贴片电阻,0,4,588-000712,539-000154,2026-08-05T00:00:00+08:00,130018,0,2,个
,1,,False,贴片电阻,0,4,588-000712,539-000162,2026-08-05T00:00:00+08:00,140000,0,2,个
,1,,False,贴片电阻,0,4,588-000712,539-000005,2026-08-05T00:00:00+08:00,103388,0,2,个
,1,,False,贴片电阻,0,4,588-000712,539-000025,2026-08-05T00:00:00+08:00,20000,0,1,个
,1,,False,贴片电阻,0,4,588-000712,539-000006,2026-08-05T00:00:00+08:00,155903,0,2,个
,5,,False,贴片电阻,0,4,588-000712,539-000008,2026-08-05T00:00:00+08:00,210003,0,2,个
,1,,False,贴片电阻,0,4,588-000712,539-000247,2026-08-05T00:00:00+08:00,10000,0,1,个
,1,,False,贴片电阻,0,4,588-000712,539-000411,2026-08-05T00:00:00+08:00,10000,0,1,个
,4,,False,贴片电阻,0,4,588-000712,539-000045,2026-08-05T00:00:00+08:00,50029,0,1,个
,2,,False,贴片电阻,0,4,588-000712,539-000018,2026-08-05T00:00:00+08:00,94254,0,3,个
,1,,False,贴片电阻,0,4,588-000712,539-000047,2026-08-05T00:00:00+08:00,0,0,0,
,1,,False,贴片电阻,0,4,588-000712,539-000048,2026-08-05T00:00:00+08:00,20000,0,1,个
,2,,False,贴片电阻,0,4,588-000712,539-000271,2026-08-05T00:00:00+08:00,10000,0,1,个
,1,,False,肖特基二极管,0,4,588-000712,454-000310,2026-08-05T00:00:00+08:00,6000,0,1,个
,1,,False,贴片开关二极管,0,4,588-000712,454-000213,2026-08-05T00:00:00+08:00,30000,0,1,个
,2,,False,ESD静电保护管,0,4,588-000712,454-000347,2026-08-05T00:00:00+08:00,3000,0,1,个
,1,,False,12P双排卧插连接器,0,4,588-000712,356-000602,2026-08-05T00:00:00+08:00,2000,0,1,个
,1,,False,NPN三极管,0,4,588-000712,358-000091,2026-08-05T00:00:00+08:00,107329,0,2,个
,1,,False,TVS二极管,0,4,588-000712,454-000319,2026-08-05T00:00:00+08:00,0,0,0,
,1,,False,贴片共模电感,0,4,588-000712,733-000121,2026-08-05T00:00:00+08:00,20181,0,1,个
,1,,False,绕线贴片功率电感,0,4,588-000712,733-000129,2026-08-05T00:00:00+08:00,12000,0,1,个
,1,,False,贴片功率电感,0,4,588-000712,733-000130,2026-08-05T00:00:00+08:00,2824,0,1,个
,1,,False,电源芯片,0,4,588-000712,972-000475,2026-08-05T00:00:00+08:00,20999,0,3,个
,1,,False,DC-DC电源芯片,0,4,588-000712,972-000815,2026-08-05T00:00:00+08:00,3000,0,1,个
,2,,False,SS232收发器,0,4,588-000712,972-000323,2026-08-05T00:00:00+08:00,20000,0,1,个
,1,,False,四信LORA 模组,0,4,588-000712,972-000528,2026-08-05T00:00:00+08:00,0,0,0,
,1,,False,YS210_自研IMU模块_P1_PCBA,0,4,588-000712,588-000649,2026-08-05T00:00:00+08:00,0,0,0,
,1,,False,CAN收发器,0,4,588-000712,972-000610,2026-08-05T00:00:00+08:00,16998,0,2,个
,1,,False,YS221_P0_PCB,0,4,588-000712,321-000543,2026-08-05T00:00:00+08:00,0,0,0,
,4,,False,贴片螺母,0,4,588-000712,849-000011,2026-08-05T00:00:00+08:00,1045,0,2,个
,2,,False,1.37线径射频线夹,0,4,588-000712,849-000215,2026-08-05T00:00:00+08:00,0,0,0,
,4,,False,M3*6-不锈钢十字圆头机牙螺丝_半耐落,0,4,588-000712,849-000700,2026-08-05T00:00:00+08:00,116123,0,3,个
,2,,False,M3X7.5+4单头六角不锈钢螺柱，六角对边尺寸4.6,0,4,588-000712,849-000484,2026-08-05T00:00:00+08:00,600,0,1,个
,2,,False,M3X8+4单头六角铜柱，六角对边尺寸4.6,0,4,588-000712,849-000023,2026-08-05T00:00:00+08:00,0,0,0,
,1,,False,GPS模块M20_P2_S01_PCBA,0,4,588-000712,588-000620,2026-08-05T00:00:00+08:00,1,0,1,个
,28,,False,贴片电阻,0,4,588-000726,539-000631,2026-08-05T00:00:00+08:00,0,0,0,
,1,,False,YN403_Mainboard_P2_PCB,0,4,588-000726,321-000556,2026-08-05T00:00:00+08:00,0,0,0,
,1,,False,CPU,0,4,588-000726,972-000746,2026-08-05T00:00:00+08:00,0,0,0,
,1,,False,LPDDR4,0,4,588-000726,972-000745,2026-08-05T00:00:00+08:00,2812,0,2,个
,1,,False,PMIC,0,4,588-000726,972-000744,2026-08-05T00:00:00+08:00,0,0,0,
,2,,False,贴片共模电感,0,4,588-000726,733-000121,2026-08-05T00:00:00+08:00,20181,0,1,个
,2,,False,异步降压转换器,0,4,588-000726,554-000036,2026-08-05T00:00:00+08:00,19685,0,3,个
,1,,False,线性稳压器,0,4,588-000726,554-000069,2026-08-05T00:00:00+08:00,2955,0,1,个
,2,,False,DC-DC电源芯片,0,4,588-000726,972-000273,2026-08-05T00:00:00+08:00,3000,0,1,个
,3,,False,LDO,0,4,588-000726,972-000338,2026-08-05T00:00:00+08:00,24833,0,4,个
,2,,False,BOOST芯片,0,4,588-000726,972-000418,2026-08-05T00:00:00+08:00,5096,0,1,个
,2,,False,负载开关,0,4,588-000726,972-000587,2026-08-05T00:00:00+08:00,0,0,0,
,2,,False,限流负载开关,0,4,588-000726,972-000333,2026-08-05T00:00:00+08:00,18000,0,3,个
,1,,False,视频解码器,0,4,588-000726,972-000196,2026-08-05T00:00:00+08:00,12000,0,2,个
,1,,False,LED驱动,0,4,588-000726,972-000743,2026-08-05T00:00:00+08:00,0,0,0,
,1,,False,MCU,0,4,588-000726,972-000536,2026-08-05T00:00:00+08:00,13500,0,1,个
,2,,False,MCU电源监控芯片,0,4,588-000726,972-000448,2026-08-05T00:00:00+08:00,4590,0,1,个
,1,,False,音频功放,0,4,588-000726,972-000270,2026-08-05T00:00:00+08:00,4000,0,1,个
,2,,False,CAN收发器,0,4,588-000726,972-000610,2026-08-05T00:00:00+08:00,16998,0,2,个
,1,,False,逻辑芯片,0,4,588-000726,972-000432,2026-08-05T00:00:00+08:00,8985,0,2,个
,1,,False,SS232收发器,0,4,588-000726,972-000323,2026-08-05T00:00:00+08:00,20000,0,1,个
,1,,False,WIFI+蓝牙模块,0,4,588-000726,972-000085,2026-08-05T00:00:00+08:00,0,0,0,
,1,,False,随机存储器,0,4,588-000726,972-000303,2026-08-05T00:00:00+08:00,5000,0,2,个
,1,,False,DCDC转换器,0,4,588-000726,972-000770,2026-08-05T00:00:00+08:00,6000,0,2,个
,1,,False,电压监控IC,0,4,588-000726,972-000741,2026-08-05T00:00:00+08:00,6000,0,2,个
,1,,False,贴片无源晶振,0,4,588-000726,527-000036,2026-08-05T00:00:00+08:00,14112,0,3,个
,1,,False,贴片无源晶振,0,4,588-000726,527-000038,2026-08-05T00:00:00+08:00,15000,0,1,个
,2,,False,法拉电容,0,4,588-000726,725-000342,2026-08-05T00:00:00+08:00,12676,0,1,个
,1,,False,IPEX天线座,0,4,588-000726,356-000081,2026-08-05T00:00:00+08:00,10153,0,2,个
,1,,False,40pin卧贴抽屉式FPC连接器,0,4,588-000726,356-000200,2026-08-05T00:00:00+08:00,11995,0,2,个
,7,,False,贴片陶瓷电容,0,4,588-000726,725-000174,2026-08-05T00:00:00+08:00,38000,0,1,个
,4,,False,贴片陶瓷电容,0,4,588-000726,725-000167,2026-08-05T00:00:00+08:00,92016,0,1,个
,18,,False,贴片陶瓷电容,0,4,588-000726,725-000041,2026-08-05T00:00:00+08:00,530000,0,1,个
,4,,False,贴片陶瓷电容,0,4,588-000726,725-000118,2026-08-05T00:00:00+08:00,11567,0,4,个
,33,,False,贴片陶瓷电容,0,4,588-000726,725-000033,2026-08-05T00:00:00+08:00,19550,0,2,个
,41,,False,贴片陶瓷电容,0,4,588-000726,725-000089,2026-08-05T00:00:00+08:00,153909,0,3,个
,1,,False,贴片陶瓷电容,0,4,588-000726,725-000015,2026-08-05T00:00:00+08:00,168000,0,8,个
,13,,False,贴片陶瓷电容,0,4,588-000726,725-000104,2026-08-05T00:00:00+08:00,42038,0,2,个
,5,,False,贴片陶瓷电容,0,4,588-000726,725-000019,2026-08-05T00:00:00+08:00,22667,0,3,个
,8,,False,贴片陶瓷电容,0,4,588-000726,725-000048,2026-08-05T00:00:00+08:00,73850,0,3,个
,2,,False,贴片陶瓷电容,0,4,588-000726,725-000083,2026-08-05T00:00:00+08:00,0,0,0,
,5,,False,贴片陶瓷电容,0,4,588-000726,725-000046,2026-08-05T00:00:00+08:00,58000,0,3,个
,6,,False,贴片陶瓷电容,0,4,588-000726,725-000101,2026-08-05T00:00:00+08:00,19650,0,2,个
,3,,False,贴片陶瓷电容,0,4,588-000726,725-000170,2026-08-05T00:00:00+08:00,44000,0,1,个
,2,,False,贴片陶瓷电容,0,4,588-000726,725-000007,2026-08-05T00:00:00+08:00,20000,0,2,个
,1,,False,贴片陶瓷电容,0,4,588-000726,725-000129,2026-08-05T00:00:00+08:00,40000,0,2,个
,79,,False,贴片陶瓷电容,0,4,588-000726,725-000242,2026-08-05T00:00:00+08:00,40200,0,1,个
,5,,False,贴片陶瓷电容,0,4,588-000726,725-000249,2026-08-05T00:00:00+08:00,0,0,0,
,8,,False,贴片陶瓷电容,0,4,588-000726,725-000448,2026-08-05T00:00:00+08:00,19700,0,1,个
,7,,False,贴片陶瓷电容,0,4,588-000726,725-000069,2026-08-05T00:00:00+08:00,356000,0,3,个
,3,,False,稳压二极管,0,4,588-000726,454-000206,2026-08-05T00:00:00+08:00,36000,0,1,个
,2,,False,肖特基二极管,0,4,588-000726,454-000009,2026-08-05T00:00:00+08:00,8062,0,4,个
,1,,False,TVS二极管,0,4,588-000726,454-000256,2026-08-05T00:00:00+08:00,20100,0,3,个
,2,,False,肖特基二极管,0,4,588-000726,454-000187,2026-08-05T00:00:00+08:00,23676,0,3,个
,4,,False,贴片开关二极管,0,4,588-000726,454-000181,2026-08-05T00:00:00+08:00,116449,0,6,个
,18,,False,ESD二极管,0,4,588-000726,454-000258,2026-08-05T00:00:00+08:00,108608,0,6,个
,2,,False,ESD二极管,0,4,588-000726,454-000050,2026-08-05T00:00:00+08:00,67706,0,3,个
,4,,False,贴片发光二极管,0,4,588-000726,690-000012,2026-08-05T00:00:00+08:00,119987,0,3,个
,1,,False,TVS二极管,0,4,588-000726,454-000068,2026-08-05T00:00:00+08:00,160076,0,3,个
,11,,False,贴片磁珠,0,4,588-000726,733-000154,2026-08-05T00:00:00+08:00,16000,0,2,个
,3,,False,贴片磁珠,0,4,588-000726,733-000084,2026-08-05T00:00:00+08:00,123364,0,4,个
,1,,False,M12防水8P-B款板端公头-26L,0,4,588-000726,356-000491,2026-08-05T00:00:00+08:00,0,0,0,
,1,,False,M12防水5P-A款板端公头-26L,0,4,588-000726,356-000490,2026-08-05T00:00:00+08:00,0,0,0,
,1,,False,M12防水6P-A款板端公头-26L,0,4,588-000726,356-000557,2026-08-05T00:00:00+08:00,0,0,0,
,1,,False,肖特基二极管,0,4,588-000726,454-000322,2026-08-05T00:00:00+08:00,96000,0,2,个
,1,,False,白色贴片插座母座,0,4,588-000726,356-000251,2026-08-05T00:00:00+08:00,4000,0,1,个
,1,,False,双排排母 立贴 2.0Pitch 2X5pin,0,4,588-000726,356-000559,2026-08-05T00:00:00+08:00,0,0,0,
,1,,False,双排排母 立贴 2.0Pitch 2X4pin,0,4,588-000726,356-000561,2026-08-05T00:00:00+08:00,0,0,0,
,1,,False,双排排母 立贴 2.0Pitch 2X7pin,0,4,588-000726,356-000563,2026-08-05T00:00:00+08:00,1000,0,1,个
,1,,False,1.37线径射频线夹,0,4,588-000726,849-000215,2026-08-05T00:00:00+08:00,0,0,0,
,2,,False,贴片功率电感,0,4,588-000726,733-000100,2026-08-05T00:00:00+08:00,34513,0,5,个
,1,,False,绕线贴片功率电感,0,4,588-000726,733-000023,2026-08-05T00:00:00+08:00,1500,0,1,个
,5,,False,功率电感,0,4,588-000726,733-000082,2026-08-05T00:00:00+08:00,10000,0,1,个
,2,,False,贴片功率电感,0,4,588-000726,733-000130,2026-08-05T00:00:00+08:00,2824,0,1,个
,2,,False,绕线贴片功率电感,0,4,588-000726,733-000039,2026-08-05T00:00:00+08:00,12000,0,2,个
,2,,False,绕线贴片功率电感,0,4,588-000726,733-000038,2026-08-05T00:00:00+08:00,12293,0,3,个
,1,,False,绕线贴片功率电感,0,4,588-000726,733-000043,2026-08-05T00:00:00+08:00,0,0,0,
,4,,False,贴片螺母,0,4,588-000726,849-000929,2026-08-05T00:00:00+08:00,0,0,0,
,3,,False,贴片螺母,0,4,588-000726,849-000928,2026-08-05T00:00:00+08:00,8378,0,1,个
,4,,False,贴片螺母,0,4,588-000726,849-000011,2026-08-05T00:00:00+08:00,1045,0,2,个
,3,,False,贴片PMOS管,0,4,588-000726,358-000166,2026-08-05T00:00:00+08:00,8940,0,2,个
,2,,False,MOSFET,0,4,588-000726,358-000180,2026-08-05T00:00:00+08:00,14812,0,4,个
,1,,False,贴片电阻,0,4,588-000726,539-000124,2026-08-05T00:00:00+08:00,75000,0,3,个
,1,,False,贴片电阻,0,4,588-000726,539-000046,2026-08-05T00:00:00+08:00,111065,0,2,个
,2,,False,贴片电阻,0,4,588-000726,539-000374,2026-08-05T00:00:00+08:00,260000,0,10,个
,2,,False,贴片电阻,0,4,588-000726,539-000237,2026-08-05T00:00:00+08:00,100000,0,1,个
,1,,False,贴片电阻,0,4,588-000726,539-000382,2026-08-05T00:00:00+08:00,49056,0,2,个
,4,,False,贴片电阻,0,4,588-000726,539-000147,2026-08-05T00:00:00+08:00,178381,0,4,个
,2,,False,贴片电阻,0,4,588-000726,539-000082,2026-08-05T00:00:00+08:00,99999,0,3,个
,2,,False,贴片电阻,0,4,588-000726,539-000075,2026-08-05T00:00:00+08:00,90060,0,1,个
,1,,False,贴片电阻,0,4,588-000726,539-000318,2026-08-05T00:00:00+08:00,9996,0,1,个
,4,,False,贴片电阻,0,4,588-000726,539-000162,2026-08-05T00:00:00+08:00,140000,0,2,个
,1,,False,贴片电阻,0,4,588-000726,539-000015,2026-08-05T00:00:00+08:00,20000,0,1,个
,8,,False,贴片电阻,0,4,588-000726,539-000031,2026-08-05T00:00:00+08:00,134234,0,3,个
,1,,False,贴片电阻,0,4,588-000726,539-000249,2026-08-05T00:00:00+08:00,10000,0,1,个
,1,,False,贴片电阻,0,4,588-000726,539-000042,2026-08-05T00:00:00+08:00,40190,0,2,个
,1,,False,贴片电阻,0,4,588-000726,539-000287,2026-08-05T00:00:00+08:00,9999,0,1,个
,1,,False,贴片电阻,0,4,588-000726,539-000014,2026-08-05T00:00:00+08:00,76904,0,1,个
,1,,False,贴片电阻,0,4,588-000726,539-000048,2026-08-05T00:00:00+08:00,20000,0,1,个
,54,,False,贴片电阻,0,4,588-000726,539-000002,2026-08-05T00:00:00+08:00,281246,0,4,个
,1,,False,贴片电阻,0,4,588-000726,539-000264,2026-08-05T00:00:00+08:00,33246,0,3,个
,10,,False,贴片电阻,0,4,588-000726,539-000006,2026-08-05T00:00:00+08:00,155903,0,2,个
,1,,False,贴片电阻,0,4,588-000726,539-000045,2026-08-05T00:00:00+08:00,50029,0,1,个
,1,,False,贴片电阻,0,4,588-000726,539-000050,2026-08-05T00:00:00+08:00,30060,0,2,个
,1,,False,贴片电阻,0,4,588-000726,539-000073,2026-08-05T00:00:00+08:00,40818,0,4,个
,4,,False,贴片电阻,0,4,588-000726,539-000018,2026-08-05T00:00:00+08:00,94254,0,3,个
,2,,False,贴片电阻,0,4,588-000726,539-000070,2026-08-05T00:00:00+08:00,90000,0,1,个
,1,,False,贴片电阻,0,4,588-000726,539-000171,2026-08-05T00:00:00+08:00,19900,0,2,个
,4,,False,贴片电阻,0,4,588-000726,539-000159,2026-08-05T00:00:00+08:00,21771,0,2,个
,2,,False,贴片电阻,0,4,588-000726,539-000248,2026-08-05T00:00:00+08:00,19152,0,2,个
,2,,False,贴片电阻,0,4,588-000726,539-000241,2026-08-05T00:00:00+08:00,20250,0,2,个
,2,,False,贴片电阻,0,4,588-000726,539-000094,2026-08-05T00:00:00+08:00,47829,0,2,个
,2,,False,贴片电阻,0,4,588-000726,539-000099,2026-08-05T00:00:00+08:00,0,0,0,
,1,,False,贴片电阻,0,4,588-000726,539-000037,2026-08-05T00:00:00+08:00,14087,0,2,个
,11,,False,贴片电阻,0,4,588-000726,539-000103,2026-08-05T00:00:00+08:00,150000,0,4,个
,2,,False,贴片电阻,0,4,588-000726,539-000027,2026-08-05T00:00:00+08:00,130437,0,2,个
,1,,False,贴片电阻,0,4,588-000726,539-000251,2026-08-05T00:00:00+08:00,5000,0,1,个
,2,,False,贴片电阻,0,4,588-000726,539-000110,2026-08-05T00:00:00+08:00,395000,0,7,个
,2,,False,贴片电阻,0,4,588-000726,539-000100,2026-08-05T00:00:00+08:00,133845,0,3,个
,11,,False,贴片电阻,0,4,588-000726,539-000138,2026-08-05T00:00:00+08:00,29740,0,3,个
,4,,False,贴片电阻,0,4,588-000726,539-000326,2026-08-05T00:00:00+08:00,0,0,0,
,4,,False,贴片电阻,0,4,588-000726,539-000120,2026-08-05T00:00:00+08:00,64951,0,5,个
,1,,False,贴片电阻,0,4,588-000726,539-000244,2026-08-05T00:00:00+08:00,21059,0,2,个
,9,,False,贴片可恢复保险丝,0,4,588-000726,364-000050,2026-08-05T00:00:00+08:00,35885,0,1,个
,2,,False,贴片电阻,0,4,588-000726,539-000300,2026-08-05T00:00:00+08:00,31671,0,3,个
,2,,False,贴片电阻,0,4,588-000726,539-000276,2026-08-05T00:00:00+08:00,24944,0,2,个
,2,,False,贴片电阻,0,4,588-000726,539-000026,2026-08-05T00:00:00+08:00,80817,0,4,个
,1,,False,贴片电阻,0,4,588-000726,539-000515,2026-08-05T00:00:00+08:00,20000,0,2,个
,2,,False,贴片电阻,0,4,588-000726,539-000063,2026-08-05T00:00:00+08:00,86000,0,1,个
,1,,False,贴片电阻,0,4,588-000726,539-000114,2026-08-05T00:00:00+08:00,45000,0,5,个
,2,,False,贴片电阻,0,4,588-000726,539-000386,2026-08-05T00:00:00+08:00,25000,0,1,个
,1,,False,轻触开关,0,4,588-000726,895-000088,2026-08-05T00:00:00+08:00,0,0,0,
,2,,False,YN403主板CPU屏蔽罩,0,4,588-000726,795-000884,2026-08-05T00:00:00+08:00,1885,0,1,个
,2,,False,YN403主板CPU屏蔽罩支架,0,4,588-000726,795-000885,2026-08-05T00:00:00+08:00,1730,0,1,个
,1,,False,YN403主板电源屏蔽罩,0,4,588-000726,795-000886,2026-08-05T00:00:00+08:00,2300,0,1,个
,1,,False,YN403主板电源屏蔽罩支架,0,4,588-000726,795-000887,2026-08-05T00:00:00+08:00,2300,0,1,个
,4,,False,M3X9+4单头六角铜柱，六角对边尺寸4.6,0,4,588-000726,849-000942,2026-08-05T00:00:00+08:00,0,0,0,
,4,,False,M3*6十字薄头螺丝,0,4,588-000726,849-000943,2026-08-05T00:00:00+08:00,17514,0,1,个
,1,,False,YN403_USB&SIM_P1_PCBA,0,4,588-000726,588-000653,2026-08-05T00:00:00+08:00,0,0,0,
,1,,False,双排排针 DIP 2.0Pitch 2X4pin,0,4,588-000654,356-000560,2026-08-05T00:00:00+08:00,0,0,0,
,1,,False,YN403_KEYBOARD_P0_PCB,0,4,588-000654,321-000502,2026-08-05T00:00:00+08:00,0,0,0,
,10,,False,贴片发光二极管,0,4,588-000654,690-000047,2026-08-05T00:00:00+08:00,18854,0,3,个
,10,,False,贴片电阻,0,4,588-000654,539-000110,2026-08-05T00:00:00+08:00,395000,0,7,个
,1,,False,YN403_4GBOARD_P0_PCB,0,4,588-000655,321-000503,2026-08-05T00:00:00+08:00,0,0,0,
,1,,False,IPEX天线座,0,4,588-000655,356-000081,2026-08-05T00:00:00+08:00,10153,0,2,个
,2,,False,贴片陶瓷电容,0,4,588-000655,725-000089,2026-08-05T00:00:00+08:00,153909,0,3,个
,4,,False,贴片陶瓷电容,0,4,588-000655,725-000041,2026-08-05T00:00:00+08:00,530000,0,1,个
,1,,False,贴片陶瓷电容,0,4,588-000655,725-000088,2026-08-05T00:00:00+08:00,116000,0,2,个
,6,,False,贴片陶瓷电容,0,4,588-000655,725-000019,2026-08-05T00:00:00+08:00,22667,0,3,个
,1,,False,贴片陶瓷电容,0,4,588-000655,725-000033,2026-08-05T00:00:00+08:00,19550,0,2,个
,11,,False,ESD二极管,0,4,588-000655,454-000258,2026-08-05T00:00:00+08:00,108608,0,6,个
,3,,False,贴片磁珠,0,4,588-000655,733-000084,2026-08-05T00:00:00+08:00,123364,0,4,个
,2,,False,1.37线径射频线夹,0,4,588-000655,849-000215,2026-08-05T00:00:00+08:00,0,0,0,
,1,,False,贴片功率电感,0,4,588-000655,733-000236,2026-08-05T00:00:00+08:00,2000,0,1,个
,1,,False,贴片PMOS管,0,4,588-000655,358-000166,2026-08-05T00:00:00+08:00,8940,0,2,个
,1,,False,贴片电阻,0,4,588-000655,539-000026,2026-08-05T00:00:00+08:00,80817,0,4,个
,1,,False,贴片电阻,0,4,588-000655,539-000043,2026-08-05T00:00:00+08:00,19690,0,2,个
,2,,False,贴片电阻,0,4,588-000655,539-000162,2026-08-05T00:00:00+08:00,140000,0,2,个
,6,,False,贴片电阻,0,4,588-000655,539-000002,2026-08-05T00:00:00+08:00,281246,0,4,个
,1,,False,贴片电阻,0,4,588-000655,539-000006,2026-08-05T00:00:00+08:00,155903,0,2,个
,1,,False,双排排针 DIP 2.0Pitch 2X7pin,0,4,588-000655,356-000562,2026-08-05T00:00:00+08:00,0,0,0,
,1,,False,YN403_前壳,0,4,791-000012,165-002371,2026-08-05T00:00:00+08:00,119,0,5,个
,1,,False,YS210_自研IMU模块_P1_PCB,0,5,588-000649,321-000498,2026-08-05T00:00:00+08:00,0,0,0,
,1,,False,408IMU自研屏蔽罩V2,0,5,588-000649,795-000863,2026-08-05T00:00:00+08:00,550,0,2,个
,13,,False,贴片陶瓷电容,0,5,588-000649,725-000242,2026-08-05T00:00:00+08:00,40200,0,1,个
,2,,False,贴片陶瓷电容,0,5,588-000649,725-000415,2026-08-05T00:00:00+08:00,29750,0,2,个
,3,,False,贴片陶瓷电容,0,5,588-000649,725-000431,2026-08-05T00:00:00+08:00,10000,0,1,个
,1,,False,贴片陶瓷电容,0,5,588-000649,725-000432,2026-08-05T00:00:00+08:00,15000,0,1,个
,2,,False,贴片陶瓷电容,0,5,588-000649,725-000433,2026-08-05T00:00:00+08:00,15000,0,1,个
,1,,False,贴片陶瓷电容,0,5,588-000649,725-000434,2026-08-05T00:00:00+08:00,0,0,0,
,7,,False,贴片电阻,0,5,588-000649,539-000379,2026-08-05T00:00:00+08:00,10000,0,1,个
,26,,False,贴片电阻,0,5,588-000649,539-000310,2026-08-05T00:00:00+08:00,20000,0,1,个
,1,,False,贴片电阻,0,5,588-000649,539-000589,2026-08-05T00:00:00+08:00,20000,0,2,个
,2,,False,贴片电阻,0,5,588-000649,539-000544,2026-08-05T00:00:00+08:00,0,0,0,
,1,,False,IMU,0,5,588-000649,972-000264,2026-08-05T00:00:00+08:00,0,0,0,
,1,,False,IMU,0,5,588-000649,972-000688,2026-08-05T00:00:00+08:00,230,0,1,个
,1,,False,MCU,0,5,588-000649,972-000689,2026-08-05T00:00:00+08:00,12019,0,3,个
,1,,False,贴片IMU,0,5,588-000649,972-000159,2026-08-05T00:00:00+08:00,5000,0,2,个
,1,,False,贴片无源晶振,0,5,588-000649,527-000053,2026-08-05T00:00:00+08:00,6001,0,2,个
,1,,False,贴片电阻,0,5,588-000620,539-000245,2026-08-05T00:00:00+08:00,20000,0,2,个
,1,,False,GPS模块,0,5,588-000620,972-000712,2026-08-05T00:00:00+08:00,295,0,2,个
,1,,False,GPS模块M20_P2_PCB,0,5,588-000620,321-000476,2026-08-05T00:00:00+08:00,0,0,0,
,1,,False,贴片陶瓷电容,0,5,588-000620,725-000004,2026-08-05T00:00:00+08:00,20000,0,2,个
,1,,False,贴片陶瓷电容,0,5,588-000620,725-000088,2026-08-05T00:00:00+08:00,116000,0,2,个
,6,,False,贴片电阻,0,5,588-000620,539-000001,2026-08-05T00:00:00+08:00,286734,0,5,个
,4,,False,贴片电阻,0,5,588-000620,539-000003,2026-08-05T00:00:00+08:00,181785,0,2,个
,3,,False,贴片电阻,0,5,588-000620,539-000005,2026-08-05T00:00:00+08:00,103388,0,2,个
,2,,False,贴片电阻,0,5,588-000620,539-000018,2026-08-05T00:00:00+08:00,94254,0,3,个
,1,,False,贴片发光二极管,0,5,588-000620,690-000012,2026-08-05T00:00:00+08:00,119987,0,3,个
,1,,False,贴片发光二极管,0,5,588-000620,690-000005,2026-08-05T00:00:00+08:00,6675,0,2,个
,7,,False,ESD静电保护管,0,5,588-000620,454-000004,2026-08-05T00:00:00+08:00,0,0,0,
,1,,False,贴片自恢复保险丝,0,5,588-000620,364-000046,2026-08-05T00:00:00+08:00,10000,0,2,个
,1,,False,贴片功率电感,0,5,588-000620,733-000199,2026-08-05T00:00:00+08:00,20000,0,2,个
,1,,False,负载开关,0,5,588-000620,972-000587,2026-08-05T00:00:00+08:00,0,0,0,
,1,,False,双排排针 DIP 2.0Pitch 2X5pin,0,5,588-000653,356-000558,2026-08-05T00:00:00+08:00,0,0,0,
,1,,False,YN403_USB&SIM_P1_PCB,0,5,588-000653,321-000501,2026-08-05T00:00:00+08:00,0,0,0,
,1,,False,沉板前插后贴式短款USB 2.0母座,0,5,588-000653,356-000389,2026-08-05T00:00:00+08:00,0,0,0,
,6,,False,ESD二极管,0,5,588-000653,454-000258,2026-08-05T00:00:00+08:00,108608,0,6,个
,1,,False,Push-Push Nano SIM 卡座,0,5,588-000653,356-000382,2026-08-05T00:00:00+08:00,0,0,0,
,3,,False,贴片电阻,0,5,588-000653,539-000026,2026-08-05T00:00:00+08:00,80817,0,4,个
