bom_version,alt_group_no,material_code,material_name,standard_usage,alt_method,parent_material_code,is_substitute,bom_level,alt_priority,available_qty,reserved_qty,stock_rows,inventory_uom
2026-08-05T00:00:00+08:00,,791-000013,YN406预组装包(拖拉机),1,,382-000005,False,1,0,1000,0,1,个
2026-08-05T00:00:00+08:00,,606-000989,YN406 包装外箱_V2,1,,382-000005,False,1,0,344,0,2,个
2026-08-05T00:00:00+08:00,,606-000990,YN406 珍珠棉内托_V2,1,,382-000005,False,1,0,400,0,3,个
2026-08-05T00:00:00+08:00,,528-000036,YS221A接收机组件_国内,1,,382-000005,False,1,0,34,0,1,个
2026-08-05T00:00:00+08:00,,791-000007,YN406B方向盘组件（拖拉机）,1,,382-000005,False,1,0,0,0,0,
2026-08-05T00:00:00+08:00,,994-000550,406电源+电机+接收机连接线,1,,382-000005,False,1,0,1875,0,8,个
2026-08-05T00:00:00+08:00,,468-000493,YN406说明书（中文）,1,,382-000005,False,1,0,1867,0,1,个
2026-08-05T00:00:00+08:00,,468-000530,导航车贴(60*15cm),1,,382-000005,False,1,0,1500,0,1,个
2026-08-05T00:00:00+08:00,,791-000015,YN403显示终端整机_预装组件_拖拉机,1,,382-000005,False,1,0,0,0,0,
2026-08-05T00:00:00+08:00,,795-000993,IMU、蘑菇头、显示终端安装附件包(30长),1,,791-000013,False,2,0,2000,0,1,包
2026-08-05T00:00:00+08:00,,606-000852,I406 预组装外箱,1,,791-000013,False,2,0,600,0,1,个
2026-08-05T00:00:00+08:00,,606-000853,I406 预组装珍珠棉内托,1,,791-000013,False,2,0,590,0,1,个
2026-08-05T00:00:00+08:00,,795-000130,显示终端安装附件包,1,,791-000013,False,2,0,1124,0,2,个
2026-08-05T00:00:00+08:00,,795-000728,终端RAM支架U型底座安装附件包,1,,791-000013,False,2,0,2950,0,2,个
2026-08-05T00:00:00+08:00,,795-000302,电机安装附件包,1,,791-000013,False,2,0,2374,0,1,个
2026-08-05T00:00:00+08:00,,165-000257,1号电机支架底板圆柱（L=100mm）,1,,791-000013,False,2,0,1409,0,3,个
2026-08-05T00:00:00+08:00,,795-000865,电机1号安装支架附件包,1,,791-000013,False,2,0,2867,0,2,个
2026-08-05T00:00:00+08:00,,795-000133,线束安装附件包,10,,791-000013,False,2,0,26297,0,3,个
2026-08-05T00:00:00+08:00,,606-000012,4号自封袋,1,,791-000013,False,2,0,19500,0,1,个
2026-08-05T00:00:00+08:00,,528-000031,YS221A接收机整机_国内版_整机,1,,528-000036,False,2,0,391,0,1,个
2026-08-05T00:00:00+08:00,,849-001021,M6X16不锈钢外六角三组合螺丝_半耐落,4,,528-000036,False,2,0,8843,0,2,个
2026-08-05T00:00:00+08:00,,849-000288,M4*22_不锈钢杯头内六角滚花机牙螺丝_整圈耐落,6,,791-000007,False,2,0,161549,0,9,个
2026-08-05T00:00:00+08:00,,791-000003,YN403（406）整机,1,,791-000015,False,2,0,445,0,4,个
2026-08-05T00:00:00+08:00,,165-000120,308终端RAM支架,1,,791-000015,False,2,0,1712,0,1,个
2026-08-05T00:00:00+08:00,,849-000987,M5*22_不锈钢内六角机牙螺丝_整圈耐落,4,,791-000015,False,2,0,19826,0,5,个
2026-08-05T00:00:00+08:00,,588-000712,YS221_P0_(四信+M2-BD)S01_PCBA,1,,528-000031,False,3,0,894,0,5,个
2026-08-05T00:00:00+08:00,,838-000403,YS221-TNC转IPEX连接线,1,,528-000031,False,3,0,740,0,1,个
2026-08-05T00:00:00+08:00,,165-002644,YS221接收机上壳,1,,528-000031,False,3,0,857,0,1,个
2026-08-05T00:00:00+08:00,,165-002702,YS221接收机下壳(P+R),1,,528-000031,False,3,0,870,0,3,个
2026-08-05T00:00:00+08:00,,165-002646,YS221接收机防水硅胶件,1,,528-000031,False,3,0,859,0,1,个
2026-08-05T00:00:00+08:00,,994-000606,YS221_M16-12P信号转接线,1,,528-000031,False,3,0,650,0,1,个
2026-08-05T00:00:00+08:00,,165-002708,TNC防尘堵头,1,,528-000031,False,3,0,2359,0,2,个
2026-08-05T00:00:00+08:00,,165-000722,YN501_M16连接器防水胶套,1,,528-000031,False,3,0,5404,0,3,个
2026-08-05T00:00:00+08:00,,165-002647,GPS散热硅胶垫,1,,528-000031,False,3,0,1660,0,2,个
2026-08-05T00:00:00+08:00,,849-000382,M16*E19*L2.8六角螺母,1,,528-000031,False,3,0,14703,0,3,个
2026-08-05T00:00:00+08:00,,849-000717,812 M5防水透气阀,1,,528-000031,False,3,0,3087,0,3,个
2026-08-05T00:00:00+08:00,,849-000204,M3*10不锈钢耐落机制螺丝,9,,528-000031,False,3,0,53184,0,2,个
2026-08-05T00:00:00+08:00,,849-000700,M3*6-不锈钢十字圆头机牙螺丝_半耐落,12,,528-000031,False,3,0,116123,0,3,个
2026-08-05T00:00:00+08:00,,468-000565,YS221固定标签(国内),1,,528-000031,False,3,0,1312,0,1,个
2026-08-05T00:00:00+08:00,,588-000726,YN403_MAINBOARD_P2_PCBA,1,,791-000003,False,3,0,1034,0,7,个
2026-08-05T00:00:00+08:00,,588-000654,YN403_KEYBOARD_P0_PCBA,1,,791-000003,False,3,0,1044,0,2,个
2026-08-05T00:00:00+08:00,,588-000655,YN403_4GBOARD_P0_PCBA,1,,791-000003,False,3,0,1034,0,6,个
2026-08-05T00:00:00+08:00,,165-002372,YN403_后壳,1,,791-000003,False,3,0,1046,0,3,个
2026-08-05T00:00:00+08:00,,165-002375,YN403_SIM卡盖板,1,,791-000003,False,3,0,1246,0,2,个
2026-08-05T00:00:00+08:00,,165-002376,YN403_防水硅胶圈,1,,791-000003,False,3,0,1566,0,1,个
2026-08-05T00:00:00+08:00,,165-002377,YN403_USB防水密封圈,1,,791-000003,False,3,0,1246,0,2,个
2026-08-05T00:00:00+08:00,,165-002378,YN403_SIM卡防水密封圈,1,,791-000003,False,3,0,3946,0,1,个
2026-08-05T00:00:00+08:00,,849-000846,M2.5*6-不锈钢十字圆头机牙螺丝_半耐落,3,,791-000003,False,3,0,138907,0,3,个
2026-08-05T00:00:00+08:00,,182-000055,一卡三通NaNo物联卡（腾讯薄款）,1,,791-000003,False,3,0,6393,0,1,张
2026-08-05T00:00:00+08:00,,838-000375,YN406-4G天线,1,,791-000003,False,3,0,1037,0,1,个
2026-08-05T00:00:00+08:00,,838-000376,YN406-WIFI天线,1,,791-000003,False,3,0,1039,0,1,个
2026-08-05T00:00:00+08:00,,165-002405,YN403_导电泡棉3,1,,791-000003,False,3,0,12791,0,2,个
2026-08-05T00:00:00+08:00,,165-002408,YN403_导电泡棉6,2,,791-000003,False,3,0,3292,0,1,个
2026-08-05T00:00:00+08:00,,791-000012,YN403_前壳预装组件_不带终端互联,1,,791-000003,False,3,0,144,0,2,个
2026-08-05T00:00:00+08:00,,165-000229,701pro密封圈（摄像头）,3,,791-000003,False,3,0,12420,0,3,个
2026-08-05T00:00:00+08:00,,795-000176,308终端防水透气膜,1,,791-000003,False,3,0,16708,0,1,个
2026-08-05T00:00:00+08:00,,849-000943,M3*6十字薄头螺丝,9,,791-000003,False,3,0,17514,0,1,个
2026-08-05T00:00:00+08:00,,849-000700,M3*6-不锈钢十字圆头机牙螺丝_半耐落,10,,791-000003,False,3,0,116123,0,3,个
2026-08-05T00:00:00+08:00,,849-000204,M3*10不锈钢耐落机制螺丝,14,,791-000003,False,3,0,53184,0,2,个
2026-08-05T00:00:00+08:00,,849-000392,ST2.6*6-镀锌铁十字圆头尖尾自攻螺丝,4,,791-000003,False,3,0,65052,0,3,个
2026-08-05T00:00:00+08:00,,849-000208,M12*E19*L2.5六角螺帽,3,,791-000003,False,3,0,17644,0,4,个
2026-08-05T00:00:00+08:00,,849-000717,812 M5防水透气阀,1,,791-000003,False,3,0,3087,0,3,个
2026-08-05T00:00:00+08:00,,165-000266,701pro摄像头连接器防水胶套,3,,791-000003,False,3,0,8667,0,4,个
2026-08-05T00:00:00+08:00,,725-000176,贴片陶瓷电容,1,,588-000712,False,4,0,39490,0,1,个
2026-08-05T00:00:00+08:00,,725-000357,贴片陶瓷电容,4,,588-000712,False,4,0,39950,0,3,个
2026-08-05T00:00:00+08:00,,725-000179,贴片陶瓷电容,3,,588-000712,False,4,0,247043,0,6,个
2026-08-05T00:00:00+08:00,,725-000320,贴片陶瓷电容,1,,588-000712,False,4,0,9500,0,1,个
2026-08-05T00:00:00+08:00,,725-000226,贴片陶瓷电容,24,,588-000712,False,4,0,1516029,0,12,个
2026-08-05T00:00:00+08:00,,725-000086,贴片陶瓷电容,1,,588-000712,False,4,0,1280510,0,5,个
2026-08-05T00:00:00+08:00,,725-000307,贴片陶瓷电容,10,,588-000712,False,4,0,44000,0,1,个
2026-08-05T00:00:00+08:00,,725-000105,贴片陶瓷电容,2,,588-000712,False,4,0,0,0,0,
2026-08-05T00:00:00+08:00,,539-000022,贴片电阻,4,,588-000712,False,4,0,58369,0,2,个
2026-08-05T00:00:00+08:00,,539-000276,贴片电阻,3,,588-000712,False,4,0,24944,0,2,个
2026-08-05T00:00:00+08:00,,539-000026,贴片电阻,1,,588-000712,False,4,0,80817,0,4,个
2026-08-05T00:00:00+08:00,,539-000002,贴片电阻,22,,588-000712,False,4,0,281246,0,4,个
2026-08-05T00:00:00+08:00,,539-000267,贴片电阻,2,,588-000712,False,4,0,155240,0,2,个
2026-08-05T00:00:00+08:00,,539-000028,贴片电阻,1,,588-000712,False,4,0,16260,0,2,个
2026-08-05T00:00:00+08:00,,539-000106,贴片电阻,1,,588-000712,False,4,0,74024,0,5,个
2026-08-05T00:00:00+08:00,,539-000154,贴片电阻,1,,588-000712,False,4,0,130018,0,2,个
2026-08-05T00:00:00+08:00,,539-000162,贴片电阻,1,,588-000712,False,4,0,140000,0,2,个
2026-08-05T00:00:00+08:00,,539-000005,贴片电阻,1,,588-000712,False,4,0,103388,0,2,个
2026-08-05T00:00:00+08:00,,539-000025,贴片电阻,1,,588-000712,False,4,0,20000,0,1,个
2026-08-05T00:00:00+08:00,,539-000006,贴片电阻,1,,588-000712,False,4,0,155903,0,2,个
2026-08-05T00:00:00+08:00,,539-000008,贴片电阻,5,,588-000712,False,4,0,210003,0,2,个
2026-08-05T00:00:00+08:00,,539-000247,贴片电阻,1,,588-000712,False,4,0,10000,0,1,个
2026-08-05T00:00:00+08:00,,539-000411,贴片电阻,1,,588-000712,False,4,0,10000,0,1,个
2026-08-05T00:00:00+08:00,,539-000045,贴片电阻,4,,588-000712,False,4,0,50029,0,1,个
2026-08-05T00:00:00+08:00,,539-000018,贴片电阻,2,,588-000712,False,4,0,94254,0,3,个
2026-08-05T00:00:00+08:00,,539-000047,贴片电阻,1,,588-000712,False,4,0,0,0,0,
2026-08-05T00:00:00+08:00,,539-000048,贴片电阻,1,,588-000712,False,4,0,20000,0,1,个
2026-08-05T00:00:00+08:00,,539-000271,贴片电阻,2,,588-000712,False,4,0,10000,0,1,个
2026-08-05T00:00:00+08:00,,454-000310,肖特基二极管,1,,588-000712,False,4,0,6000,0,1,个
2026-08-05T00:00:00+08:00,,454-000213,贴片开关二极管,1,,588-000712,False,4,0,30000,0,1,个
2026-08-05T00:00:00+08:00,,454-000347,ESD静电保护管,2,,588-000712,False,4,0,3000,0,1,个
2026-08-05T00:00:00+08:00,,356-000602,12P双排卧插连接器,1,,588-000712,False,4,0,2000,0,1,个
2026-08-05T00:00:00+08:00,,358-000091,NPN三极管,1,,588-000712,False,4,0,107329,0,2,个
2026-08-05T00:00:00+08:00,,454-000319,TVS二极管,1,,588-000712,False,4,0,0,0,0,
2026-08-05T00:00:00+08:00,,733-000121,贴片共模电感,1,,588-000712,False,4,0,20181,0,1,个
2026-08-05T00:00:00+08:00,,733-000129,绕线贴片功率电感,1,,588-000712,False,4,0,12000,0,1,个
2026-08-05T00:00:00+08:00,,733-000130,贴片功率电感,1,,588-000712,False,4,0,2824,0,1,个
2026-08-05T00:00:00+08:00,,972-000475,电源芯片,1,,588-000712,False,4,0,20999,0,3,个
2026-08-05T00:00:00+08:00,,972-000815,DC-DC电源芯片,1,,588-000712,False,4,0,3000,0,1,个
2026-08-05T00:00:00+08:00,,972-000323,SS232收发器,2,,588-000712,False,4,0,20000,0,1,个
2026-08-05T00:00:00+08:00,,972-000528,四信LORA 模组,1,,588-000712,False,4,0,0,0,0,
2026-08-05T00:00:00+08:00,,588-000649,YS210_自研IMU模块_P1_PCBA,1,,588-000712,False,4,0,0,0,0,
2026-08-05T00:00:00+08:00,,972-000610,CAN收发器,1,,588-000712,False,4,0,16998,0,2,个
2026-08-05T00:00:00+08:00,,321-000543,YS221_P0_PCB,1,,588-000712,False,4,0,0,0,0,
2026-08-05T00:00:00+08:00,,849-000011,贴片螺母,4,,588-000712,False,4,0,1045,0,2,个
2026-08-05T00:00:00+08:00,,849-000215,1.37线径射频线夹,2,,588-000712,False,4,0,0,0,0,
2026-08-05T00:00:00+08:00,,849-000700,M3*6-不锈钢十字圆头机牙螺丝_半耐落,4,,588-000712,False,4,0,116123,0,3,个
2026-08-05T00:00:00+08:00,,849-000484,M3X7.5+4单头六角不锈钢螺柱，六角对边尺寸4.6,2,,588-000712,False,4,0,600,0,1,个
2026-08-05T00:00:00+08:00,,849-000023,M3X8+4单头六角铜柱，六角对边尺寸4.6,2,,588-000712,False,4,0,0,0,0,
2026-08-05T00:00:00+08:00,,588-000620,GPS模块M20_P2_S01_PCBA,1,,588-000712,False,4,0,1,0,1,个
2026-08-05T00:00:00+08:00,,539-000631,贴片电阻,28,,588-000726,False,4,0,0,0,0,
2026-08-05T00:00:00+08:00,,321-000556,YN403_Mainboard_P2_PCB,1,,588-000726,False,4,0,0,0,0,
2026-08-05T00:00:00+08:00,,972-000746,CPU,1,,588-000726,False,4,0,0,0,0,
2026-08-05T00:00:00+08:00,,972-000745,LPDDR4,1,,588-000726,False,4,0,2812,0,2,个
2026-08-05T00:00:00+08:00,,972-000744,PMIC,1,,588-000726,False,4,0,0,0,0,
2026-08-05T00:00:00+08:00,,733-000121,贴片共模电感,2,,588-000726,False,4,0,20181,0,1,个
2026-08-05T00:00:00+08:00,,554-000036,异步降压转换器,2,,588-000726,False,4,0,19685,0,3,个
2026-08-05T00:00:00+08:00,,554-000069,线性稳压器,1,,588-000726,False,4,0,2955,0,1,个
2026-08-05T00:00:00+08:00,,972-000273,DC-DC电源芯片,2,,588-000726,False,4,0,3000,0,1,个
2026-08-05T00:00:00+08:00,,972-000338,LDO,3,,588-000726,False,4,0,24833,0,4,个
2026-08-05T00:00:00+08:00,,972-000418,BOOST芯片,2,,588-000726,False,4,0,5096,0,1,个
2026-08-05T00:00:00+08:00,,972-000587,负载开关,2,,588-000726,False,4,0,0,0,0,
2026-08-05T00:00:00+08:00,,972-000333,限流负载开关,2,,588-000726,False,4,0,18000,0,3,个
2026-08-05T00:00:00+08:00,,972-000196,视频解码器,1,,588-000726,False,4,0,12000,0,2,个
2026-08-05T00:00:00+08:00,,972-000743,LED驱动,1,,588-000726,False,4,0,0,0,0,
2026-08-05T00:00:00+08:00,,972-000536,MCU,1,,588-000726,False,4,0,13500,0,1,个
2026-08-05T00:00:00+08:00,,972-000448,MCU电源监控芯片,2,,588-000726,False,4,0,4590,0,1,个
2026-08-05T00:00:00+08:00,,972-000270,音频功放,1,,588-000726,False,4,0,4000,0,1,个
2026-08-05T00:00:00+08:00,,972-000610,CAN收发器,2,,588-000726,False,4,0,16998,0,2,个
2026-08-05T00:00:00+08:00,,972-000432,逻辑芯片,1,,588-000726,False,4,0,8985,0,2,个
2026-08-05T00:00:00+08:00,,972-000323,SS232收发器,1,,588-000726,False,4,0,20000,0,1,个
2026-08-05T00:00:00+08:00,,972-000085,WIFI+蓝牙模块,1,,588-000726,False,4,0,0,0,0,
2026-08-05T00:00:00+08:00,,972-000303,随机存储器,1,,588-000726,False,4,0,5000,0,2,个
2026-08-05T00:00:00+08:00,,972-000770,DCDC转换器,1,,588-000726,False,4,0,6000,0,2,个
2026-08-05T00:00:00+08:00,,972-000741,电压监控IC,1,,588-000726,False,4,0,6000,0,2,个
2026-08-05T00:00:00+08:00,,527-000036,贴片无源晶振,1,,588-000726,False,4,0,14112,0,3,个
2026-08-05T00:00:00+08:00,,527-000038,贴片无源晶振,1,,588-000726,False,4,0,15000,0,1,个
2026-08-05T00:00:00+08:00,,725-000342,法拉电容,2,,588-000726,False,4,0,12676,0,1,个
2026-08-05T00:00:00+08:00,,356-000081,IPEX天线座,1,,588-000726,False,4,0,10153,0,2,个
2026-08-05T00:00:00+08:00,,356-000200,40pin卧贴抽屉式FPC连接器,1,,588-000726,False,4,0,11995,0,2,个
2026-08-05T00:00:00+08:00,,725-000174,贴片陶瓷电容,7,,588-000726,False,4,0,38000,0,1,个
2026-08-05T00:00:00+08:00,,725-000167,贴片陶瓷电容,4,,588-000726,False,4,0,92016,0,1,个
2026-08-05T00:00:00+08:00,,725-000041,贴片陶瓷电容,18,,588-000726,False,4,0,530000,0,1,个
2026-08-05T00:00:00+08:00,,725-000118,贴片陶瓷电容,4,,588-000726,False,4,0,11567,0,4,个
2026-08-05T00:00:00+08:00,,725-000033,贴片陶瓷电容,33,,588-000726,False,4,0,19550,0,2,个
2026-08-05T00:00:00+08:00,,725-000089,贴片陶瓷电容,41,,588-000726,False,4,0,153909,0,3,个
2026-08-05T00:00:00+08:00,,725-000015,贴片陶瓷电容,1,,588-000726,False,4,0,168000,0,8,个
2026-08-05T00:00:00+08:00,,725-000104,贴片陶瓷电容,13,,588-000726,False,4,0,42038,0,2,个
2026-08-05T00:00:00+08:00,,725-000019,贴片陶瓷电容,5,,588-000726,False,4,0,22667,0,3,个
2026-08-05T00:00:00+08:00,,725-000048,贴片陶瓷电容,8,,588-000726,False,4,0,73850,0,3,个
2026-08-05T00:00:00+08:00,,725-000083,贴片陶瓷电容,2,,588-000726,False,4,0,0,0,0,
2026-08-05T00:00:00+08:00,,725-000046,贴片陶瓷电容,5,,588-000726,False,4,0,58000,0,3,个
2026-08-05T00:00:00+08:00,,725-000101,贴片陶瓷电容,6,,588-000726,False,4,0,19650,0,2,个
2026-08-05T00:00:00+08:00,,725-000170,贴片陶瓷电容,3,,588-000726,False,4,0,44000,0,1,个
2026-08-05T00:00:00+08:00,,725-000007,贴片陶瓷电容,2,,588-000726,False,4,0,20000,0,2,个
2026-08-05T00:00:00+08:00,,725-000129,贴片陶瓷电容,1,,588-000726,False,4,0,40000,0,2,个
2026-08-05T00:00:00+08:00,,725-000242,贴片陶瓷电容,79,,588-000726,False,4,0,40200,0,1,个
2026-08-05T00:00:00+08:00,,725-000249,贴片陶瓷电容,5,,588-000726,False,4,0,0,0,0,
2026-08-05T00:00:00+08:00,,725-000448,贴片陶瓷电容,8,,588-000726,False,4,0,19700,0,1,个
2026-08-05T00:00:00+08:00,,725-000069,贴片陶瓷电容,7,,588-000726,False,4,0,356000,0,3,个
2026-08-05T00:00:00+08:00,,454-000206,稳压二极管,3,,588-000726,False,4,0,36000,0,1,个
2026-08-05T00:00:00+08:00,,454-000009,肖特基二极管,2,,588-000726,False,4,0,8062,0,4,个
2026-08-05T00:00:00+08:00,,454-000256,TVS二极管,1,,588-000726,False,4,0,20100,0,3,个
2026-08-05T00:00:00+08:00,,454-000187,肖特基二极管,2,,588-000726,False,4,0,23676,0,3,个
2026-08-05T00:00:00+08:00,,454-000181,贴片开关二极管,4,,588-000726,False,4,0,116449,0,6,个
2026-08-05T00:00:00+08:00,,454-000258,ESD二极管,18,,588-000726,False,4,0,108608,0,6,个
2026-08-05T00:00:00+08:00,,454-000050,ESD二极管,2,,588-000726,False,4,0,67706,0,3,个
2026-08-05T00:00:00+08:00,,690-000012,贴片发光二极管,4,,588-000726,False,4,0,119987,0,3,个
2026-08-05T00:00:00+08:00,,454-000068,TVS二极管,1,,588-000726,False,4,0,160076,0,3,个
2026-08-05T00:00:00+08:00,,733-000154,贴片磁珠,11,,588-000726,False,4,0,16000,0,2,个
2026-08-05T00:00:00+08:00,,733-000084,贴片磁珠,3,,588-000726,False,4,0,123364,0,4,个
2026-08-05T00:00:00+08:00,,356-000491,M12防水8P-B款板端公头-26L,1,,588-000726,False,4,0,0,0,0,
2026-08-05T00:00:00+08:00,,356-000490,M12防水5P-A款板端公头-26L,1,,588-000726,False,4,0,0,0,0,
2026-08-05T00:00:00+08:00,,356-000557,M12防水6P-A款板端公头-26L,1,,588-000726,False,4,0,0,0,0,
2026-08-05T00:00:00+08:00,,454-000322,肖特基二极管,1,,588-000726,False,4,0,96000,0,2,个
2026-08-05T00:00:00+08:00,,356-000251,白色贴片插座母座,1,,588-000726,False,4,0,4000,0,1,个
2026-08-05T00:00:00+08:00,,356-000559,双排排母 立贴 2.0Pitch 2X5pin,1,,588-000726,False,4,0,0,0,0,
2026-08-05T00:00:00+08:00,,356-000561,双排排母 立贴 2.0Pitch 2X4pin,1,,588-000726,False,4,0,0,0,0,
2026-08-05T00:00:00+08:00,,356-000563,双排排母 立贴 2.0Pitch 2X7pin,1,,588-000726,False,4,0,1000,0,1,个
2026-08-05T00:00:00+08:00,,849-000215,1.37线径射频线夹,1,,588-000726,False,4,0,0,0,0,
2026-08-05T00:00:00+08:00,,733-000100,贴片功率电感,2,,588-000726,False,4,0,34513,0,5,个
2026-08-05T00:00:00+08:00,,733-000023,绕线贴片功率电感,1,,588-000726,False,4,0,1500,0,1,个
2026-08-05T00:00:00+08:00,,733-000082,功率电感,5,,588-000726,False,4,0,10000,0,1,个
2026-08-05T00:00:00+08:00,,733-000130,贴片功率电感,2,,588-000726,False,4,0,2824,0,1,个
2026-08-05T00:00:00+08:00,,733-000039,绕线贴片功率电感,2,,588-000726,False,4,0,12000,0,2,个
2026-08-05T00:00:00+08:00,,733-000038,绕线贴片功率电感,2,,588-000726,False,4,0,12293,0,3,个
2026-08-05T00:00:00+08:00,,733-000043,绕线贴片功率电感,1,,588-000726,False,4,0,0,0,0,
2026-08-05T00:00:00+08:00,,849-000929,贴片螺母,4,,588-000726,False,4,0,0,0,0,
2026-08-05T00:00:00+08:00,,849-000928,贴片螺母,3,,588-000726,False,4,0,8378,0,1,个
2026-08-05T00:00:00+08:00,,849-000011,贴片螺母,4,,588-000726,False,4,0,1045,0,2,个
2026-08-05T00:00:00+08:00,,358-000166,贴片PMOS管,3,,588-000726,False,4,0,8940,0,2,个
2026-08-05T00:00:00+08:00,,358-000180,MOSFET,2,,588-000726,False,4,0,14812,0,4,个
2026-08-05T00:00:00+08:00,,539-000124,贴片电阻,1,,588-000726,False,4,0,75000,0,3,个
2026-08-05T00:00:00+08:00,,539-000046,贴片电阻,1,,588-000726,False,4,0,111065,0,2,个
2026-08-05T00:00:00+08:00,,539-000374,贴片电阻,2,,588-000726,False,4,0,260000,0,10,个
2026-08-05T00:00:00+08:00,,539-000237,贴片电阻,2,,588-000726,False,4,0,100000,0,1,个
2026-08-05T00:00:00+08:00,,539-000382,贴片电阻,1,,588-000726,False,4,0,49056,0,2,个
2026-08-05T00:00:00+08:00,,539-000147,贴片电阻,4,,588-000726,False,4,0,178381,0,4,个
2026-08-05T00:00:00+08:00,,539-000082,贴片电阻,2,,588-000726,False,4,0,99999,0,3,个
2026-08-05T00:00:00+08:00,,539-000075,贴片电阻,2,,588-000726,False,4,0,90060,0,1,个
2026-08-05T00:00:00+08:00,,539-000318,贴片电阻,1,,588-000726,False,4,0,9996,0,1,个
2026-08-05T00:00:00+08:00,,539-000162,贴片电阻,4,,588-000726,False,4,0,140000,0,2,个
2026-08-05T00:00:00+08:00,,539-000015,贴片电阻,1,,588-000726,False,4,0,20000,0,1,个
2026-08-05T00:00:00+08:00,,539-000031,贴片电阻,8,,588-000726,False,4,0,134234,0,3,个
2026-08-05T00:00:00+08:00,,539-000249,贴片电阻,1,,588-000726,False,4,0,10000,0,1,个
2026-08-05T00:00:00+08:00,,539-000042,贴片电阻,1,,588-000726,False,4,0,40190,0,2,个
2026-08-05T00:00:00+08:00,,539-000287,贴片电阻,1,,588-000726,False,4,0,9999,0,1,个
2026-08-05T00:00:00+08:00,,539-000014,贴片电阻,1,,588-000726,False,4,0,76904,0,1,个
2026-08-05T00:00:00+08:00,,539-000048,贴片电阻,1,,588-000726,False,4,0,20000,0,1,个
2026-08-05T00:00:00+08:00,,539-000002,贴片电阻,54,,588-000726,False,4,0,281246,0,4,个
2026-08-05T00:00:00+08:00,,539-000264,贴片电阻,1,,588-000726,False,4,0,33246,0,3,个
2026-08-05T00:00:00+08:00,,539-000006,贴片电阻,10,,588-000726,False,4,0,155903,0,2,个
2026-08-05T00:00:00+08:00,,539-000045,贴片电阻,1,,588-000726,False,4,0,50029,0,1,个
2026-08-05T00:00:00+08:00,,539-000050,贴片电阻,1,,588-000726,False,4,0,30060,0,2,个
2026-08-05T00:00:00+08:00,,539-000073,贴片电阻,1,,588-000726,False,4,0,40818,0,4,个
2026-08-05T00:00:00+08:00,,539-000018,贴片电阻,4,,588-000726,False,4,0,94254,0,3,个
2026-08-05T00:00:00+08:00,,539-000070,贴片电阻,2,,588-000726,False,4,0,90000,0,1,个
2026-08-05T00:00:00+08:00,,539-000171,贴片电阻,1,,588-000726,False,4,0,19900,0,2,个
2026-08-05T00:00:00+08:00,,539-000159,贴片电阻,4,,588-000726,False,4,0,21771,0,2,个
2026-08-05T00:00:00+08:00,,539-000248,贴片电阻,2,,588-000726,False,4,0,19152,0,2,个
2026-08-05T00:00:00+08:00,,539-000241,贴片电阻,2,,588-000726,False,4,0,20250,0,2,个
2026-08-05T00:00:00+08:00,,539-000094,贴片电阻,2,,588-000726,False,4,0,47829,0,2,个
2026-08-05T00:00:00+08:00,,539-000099,贴片电阻,2,,588-000726,False,4,0,0,0,0,
2026-08-05T00:00:00+08:00,,539-000037,贴片电阻,1,,588-000726,False,4,0,14087,0,2,个
2026-08-05T00:00:00+08:00,,539-000103,贴片电阻,11,,588-000726,False,4,0,150000,0,4,个
2026-08-05T00:00:00+08:00,,539-000027,贴片电阻,2,,588-000726,False,4,0,130437,0,2,个
2026-08-05T00:00:00+08:00,,539-000251,贴片电阻,1,,588-000726,False,4,0,5000,0,1,个
2026-08-05T00:00:00+08:00,,539-000110,贴片电阻,2,,588-000726,False,4,0,395000,0,7,个
2026-08-05T00:00:00+08:00,,539-000100,贴片电阻,2,,588-000726,False,4,0,133845,0,3,个
2026-08-05T00:00:00+08:00,,539-000138,贴片电阻,11,,588-000726,False,4,0,29740,0,3,个
2026-08-05T00:00:00+08:00,,539-000326,贴片电阻,4,,588-000726,False,4,0,0,0,0,
2026-08-05T00:00:00+08:00,,539-000120,贴片电阻,4,,588-000726,False,4,0,64951,0,5,个
2026-08-05T00:00:00+08:00,,539-000244,贴片电阻,1,,588-000726,False,4,0,21059,0,2,个
2026-08-05T00:00:00+08:00,,364-000050,贴片可恢复保险丝,9,,588-000726,False,4,0,35885,0,1,个
2026-08-05T00:00:00+08:00,,539-000300,贴片电阻,2,,588-000726,False,4,0,31671,0,3,个
2026-08-05T00:00:00+08:00,,539-000276,贴片电阻,2,,588-000726,False,4,0,24944,0,2,个
2026-08-05T00:00:00+08:00,,539-000026,贴片电阻,2,,588-000726,False,4,0,80817,0,4,个
2026-08-05T00:00:00+08:00,,539-000515,贴片电阻,1,,588-000726,False,4,0,20000,0,2,个
2026-08-05T00:00:00+08:00,,539-000063,贴片电阻,2,,588-000726,False,4,0,86000,0,1,个
2026-08-05T00:00:00+08:00,,539-000114,贴片电阻,1,,588-000726,False,4,0,45000,0,5,个
2026-08-05T00:00:00+08:00,,539-000386,贴片电阻,2,,588-000726,False,4,0,25000,0,1,个
2026-08-05T00:00:00+08:00,,895-000088,轻触开关,1,,588-000726,False,4,0,0,0,0,
2026-08-05T00:00:00+08:00,,795-000884,YN403主板CPU屏蔽罩,2,,588-000726,False,4,0,1885,0,1,个
2026-08-05T00:00:00+08:00,,795-000885,YN403主板CPU屏蔽罩支架,2,,588-000726,False,4,0,1730,0,1,个
2026-08-05T00:00:00+08:00,,795-000886,YN403主板电源屏蔽罩,1,,588-000726,False,4,0,2300,0,1,个
2026-08-05T00:00:00+08:00,,795-000887,YN403主板电源屏蔽罩支架,1,,588-000726,False,4,0,2300,0,1,个
2026-08-05T00:00:00+08:00,,849-000942,M3X9+4单头六角铜柱，六角对边尺寸4.6,4,,588-000726,False,4,0,0,0,0,
2026-08-05T00:00:00+08:00,,849-000943,M3*6十字薄头螺丝,4,,588-000726,False,4,0,17514,0,1,个
2026-08-05T00:00:00+08:00,,588-000653,YN403_USB&SIM_P1_PCBA,1,,588-000726,False,4,0,0,0,0,
2026-08-05T00:00:00+08:00,,356-000560,双排排针 DIP 2.0Pitch 2X4pin,1,,588-000654,False,4,0,0,0,0,
2026-08-05T00:00:00+08:00,,321-000502,YN403_KEYBOARD_P0_PCB,1,,588-000654,False,4,0,0,0,0,
2026-08-05T00:00:00+08:00,,690-000047,贴片发光二极管,10,,588-000654,False,4,0,18854,0,3,个
2026-08-05T00:00:00+08:00,,539-000110,贴片电阻,10,,588-000654,False,4,0,395000,0,7,个
2026-08-05T00:00:00+08:00,,321-000503,YN403_4GBOARD_P0_PCB,1,,588-000655,False,4,0,0,0,0,
2026-08-05T00:00:00+08:00,,356-000081,IPEX天线座,1,,588-000655,False,4,0,10153,0,2,个
2026-08-05T00:00:00+08:00,,725-000089,贴片陶瓷电容,2,,588-000655,False,4,0,153909,0,3,个
2026-08-05T00:00:00+08:00,,725-000041,贴片陶瓷电容,4,,588-000655,False,4,0,530000,0,1,个
2026-08-05T00:00:00+08:00,,725-000088,贴片陶瓷电容,1,,588-000655,False,4,0,116000,0,2,个
2026-08-05T00:00:00+08:00,,725-000019,贴片陶瓷电容,6,,588-000655,False,4,0,22667,0,3,个
2026-08-05T00:00:00+08:00,,725-000033,贴片陶瓷电容,1,,588-000655,False,4,0,19550,0,2,个
2026-08-05T00:00:00+08:00,,454-000258,ESD二极管,11,,588-000655,False,4,0,108608,0,6,个
2026-08-05T00:00:00+08:00,,733-000084,贴片磁珠,3,,588-000655,False,4,0,123364,0,4,个
2026-08-05T00:00:00+08:00,,849-000215,1.37线径射频线夹,2,,588-000655,False,4,0,0,0,0,
2026-08-05T00:00:00+08:00,,733-000236,贴片功率电感,1,,588-000655,False,4,0,2000,0,1,个
2026-08-05T00:00:00+08:00,,358-000166,贴片PMOS管,1,,588-000655,False,4,0,8940,0,2,个
2026-08-05T00:00:00+08:00,,539-000026,贴片电阻,1,,588-000655,False,4,0,80817,0,4,个
2026-08-05T00:00:00+08:00,,539-000043,贴片电阻,1,,588-000655,False,4,0,19690,0,2,个
2026-08-05T00:00:00+08:00,,539-000162,贴片电阻,2,,588-000655,False,4,0,140000,0,2,个
2026-08-05T00:00:00+08:00,,539-000002,贴片电阻,6,,588-000655,False,4,0,281246,0,4,个
2026-08-05T00:00:00+08:00,,539-000006,贴片电阻,1,,588-000655,False,4,0,155903,0,2,个
2026-08-05T00:00:00+08:00,,356-000562,双排排针 DIP 2.0Pitch 2X7pin,1,,588-000655,False,4,0,0,0,0,
2026-08-05T00:00:00+08:00,,165-002371,YN403_前壳,1,,791-000012,False,4,0,119,0,5,个
2026-08-05T00:00:00+08:00,,321-000498,YS210_自研IMU模块_P1_PCB,1,,588-000649,False,5,0,0,0,0,
2026-08-05T00:00:00+08:00,,795-000863,408IMU自研屏蔽罩V2,1,,588-000649,False,5,0,550,0,2,个
2026-08-05T00:00:00+08:00,,725-000242,贴片陶瓷电容,13,,588-000649,False,5,0,40200,0,1,个
2026-08-05T00:00:00+08:00,,725-000415,贴片陶瓷电容,2,,588-000649,False,5,0,29750,0,2,个
2026-08-05T00:00:00+08:00,,725-000431,贴片陶瓷电容,3,,588-000649,False,5,0,10000,0,1,个
2026-08-05T00:00:00+08:00,,725-000432,贴片陶瓷电容,1,,588-000649,False,5,0,15000,0,1,个
2026-08-05T00:00:00+08:00,,725-000433,贴片陶瓷电容,2,,588-000649,False,5,0,15000,0,1,个
2026-08-05T00:00:00+08:00,,725-000434,贴片陶瓷电容,1,,588-000649,False,5,0,0,0,0,
2026-08-05T00:00:00+08:00,,539-000379,贴片电阻,7,,588-000649,False,5,0,10000,0,1,个
2026-08-05T00:00:00+08:00,,539-000310,贴片电阻,26,,588-000649,False,5,0,20000,0,1,个
2026-08-05T00:00:00+08:00,,539-000589,贴片电阻,1,,588-000649,False,5,0,20000,0,2,个
2026-08-05T00:00:00+08:00,,539-000544,贴片电阻,2,,588-000649,False,5,0,0,0,0,
2026-08-05T00:00:00+08:00,,972-000264,IMU,1,,588-000649,False,5,0,0,0,0,
2026-08-05T00:00:00+08:00,,972-000688,IMU,1,,588-000649,False,5,0,230,0,1,个
2026-08-05T00:00:00+08:00,,972-000689,MCU,1,,588-000649,False,5,0,12019,0,3,个
2026-08-05T00:00:00+08:00,,972-000159,贴片IMU,1,,588-000649,False,5,0,5000,0,2,个
2026-08-05T00:00:00+08:00,,527-000053,贴片无源晶振,1,,588-000649,False,5,0,6001,0,2,个
2026-08-05T00:00:00+08:00,,539-000245,贴片电阻,1,,588-000620,False,5,0,20000,0,2,个
2026-08-05T00:00:00+08:00,,972-000712,GPS模块,1,,588-000620,False,5,0,295,0,2,个
2026-08-05T00:00:00+08:00,,321-000476,GPS模块M20_P2_PCB,1,,588-000620,False,5,0,0,0,0,
2026-08-05T00:00:00+08:00,,725-000004,贴片陶瓷电容,1,,588-000620,False,5,0,20000,0,2,个
2026-08-05T00:00:00+08:00,,725-000088,贴片陶瓷电容,1,,588-000620,False,5,0,116000,0,2,个
2026-08-05T00:00:00+08:00,,539-000001,贴片电阻,6,,588-000620,False,5,0,286734,0,5,个
2026-08-05T00:00:00+08:00,,539-000003,贴片电阻,4,,588-000620,False,5,0,181785,0,2,个
2026-08-05T00:00:00+08:00,,539-000005,贴片电阻,3,,588-000620,False,5,0,103388,0,2,个
2026-08-05T00:00:00+08:00,,539-000018,贴片电阻,2,,588-000620,False,5,0,94254,0,3,个
2026-08-05T00:00:00+08:00,,690-000012,贴片发光二极管,1,,588-000620,False,5,0,119987,0,3,个
2026-08-05T00:00:00+08:00,,690-000005,贴片发光二极管,1,,588-000620,False,5,0,6675,0,2,个
2026-08-05T00:00:00+08:00,,454-000004,ESD静电保护管,7,,588-000620,False,5,0,0,0,0,
2026-08-05T00:00:00+08:00,,364-000046,贴片自恢复保险丝,1,,588-000620,False,5,0,10000,0,2,个
2026-08-05T00:00:00+08:00,,733-000199,贴片功率电感,1,,588-000620,False,5,0,20000,0,2,个
2026-08-05T00:00:00+08:00,,972-000587,负载开关,1,,588-000620,False,5,0,0,0,0,
2026-08-05T00:00:00+08:00,,356-000558,双排排针 DIP 2.0Pitch 2X5pin,1,,588-000653,False,5,0,0,0,0,
2026-08-05T00:00:00+08:00,,321-000501,YN403_USB&SIM_P1_PCB,1,,588-000653,False,5,0,0,0,0,
2026-08-05T00:00:00+08:00,,356-000389,沉板前插后贴式短款USB 2.0母座,1,,588-000653,False,5,0,0,0,0,
2026-08-05T00:00:00+08:00,,454-000258,ESD二极管,6,,588-000653,False,5,0,108608,0,6,个
2026-08-05T00:00:00+08:00,,356-000382,Push-Push Nano SIM 卡座,1,,588-000653,False,5,0,0,0,0,
2026-08-05T00:00:00+08:00,,539-000026,贴片电阻,3,,588-000653,False,5,0,80817,0,4,个
