parent_material_code,bom_level,alt_group_no,alt_method,standard_usage,material_name,is_substitute,bom_version,alt_priority,material_code,available_qty,reserved_qty,stock_rows,inventory_uom
382-000005,1,,,1,YN406预组装包(拖拉机),False,2026-08-05T00:00:00+08:00,0,791-000013,1000,0,1,个
382-000005,1,,,1,YN406 包装外箱_V2,False,2026-08-05T00:00:00+08:00,0,606-000989,344,0,2,个
382-000005,1,,,1,YN406 珍珠棉内托_V2,False,2026-08-05T00:00:00+08:00,0,606-000990,400,0,3,个
382-000005,1,,,1,YS221A接收机组件_国内,False,2026-08-05T00:00:00+08:00,0,528-000036,34,0,1,个
382-000005,1,,,1,YN406B方向盘组件（拖拉机）,False,2026-08-05T00:00:00+08:00,0,791-000007,0,0,0,
382-000005,1,,,1,406电源+电机+接收机连接线,False,2026-08-05T00:00:00+08:00,0,994-000550,1875,0,8,个
382-000005,1,,,1,YN406说明书（中文）,False,2026-08-05T00:00:00+08:00,0,468-000493,1867,0,1,个
382-000005,1,,,1,导航车贴(60*15cm),False,2026-08-05T00:00:00+08:00,0,468-000530,1500,0,1,个
382-000005,1,,,1,YN403显示终端整机_预装组件_拖拉机,False,2026-08-05T00:00:00+08:00,0,791-000015,0,0,0,
791-000013,2,,,1,IMU、蘑菇头、显示终端安装附件包(30长),False,2026-08-05T00:00:00+08:00,0,795-000993,2000,0,1,包
791-000013,2,,,1,I406 预组装外箱,False,2026-08-05T00:00:00+08:00,0,606-000852,600,0,1,个
791-000013,2,,,1,I406 预组装珍珠棉内托,False,2026-08-05T00:00:00+08:00,0,606-000853,590,0,1,个
791-000013,2,,,1,显示终端安装附件包,False,2026-08-05T00:00:00+08:00,0,795-000130,1124,0,2,个
791-000013,2,,,1,终端RAM支架U型底座安装附件包,False,2026-08-05T00:00:00+08:00,0,795-000728,2950,0,2,个
791-000013,2,,,1,电机安装附件包,False,2026-08-05T00:00:00+08:00,0,795-000302,2374,0,1,个
791-000013,2,,,1,1号电机支架底板圆柱（L=100mm）,False,2026-08-05T00:00:00+08:00,0,165-000257,1409,0,3,个
791-000013,2,,,1,电机1号安装支架附件包,False,2026-08-05T00:00:00+08:00,0,795-000865,2867,0,2,个
791-000013,2,,,10,线束安装附件包,False,2026-08-05T00:00:00+08:00,0,795-000133,26297,0,3,个
791-000013,2,,,1,4号自封袋,False,2026-08-05T00:00:00+08:00,0,606-000012,19500,0,1,个
528-000036,2,,,1,YS221A接收机整机_国内版_整机,False,2026-08-05T00:00:00+08:00,0,528-000031,391,0,1,个
528-000036,2,,,4,M6X16不锈钢外六角三组合螺丝_半耐落,False,2026-08-05T00:00:00+08:00,0,849-001021,8843,0,2,个
791-000007,2,,,6,M4*22_不锈钢杯头内六角滚花机牙螺丝_整圈耐落,False,2026-08-05T00:00:00+08:00,0,849-000288,161549,0,9,个
791-000015,2,,,1,YN403（406）整机,False,2026-08-05T00:00:00+08:00,0,791-000003,445,0,4,个
791-000015,2,,,1,308终端RAM支架,False,2026-08-05T00:00:00+08:00,0,165-000120,1712,0,1,个
791-000015,2,,,4,M5*22_不锈钢内六角机牙螺丝_整圈耐落,False,2026-08-05T00:00:00+08:00,0,849-000987,19826,0,5,个
528-000031,3,,,1,YS221_P0_(四信+M2-BD)S01_PCBA,False,2026-08-05T00:00:00+08:00,0,588-000712,894,0,5,个
528-000031,3,,,1,YS221-TNC转IPEX连接线,False,2026-08-05T00:00:00+08:00,0,838-000403,740,0,1,个
528-000031,3,,,1,YS221接收机上壳,False,2026-08-05T00:00:00+08:00,0,165-002644,857,0,1,个
528-000031,3,,,1,YS221接收机下壳(P+R),False,2026-08-05T00:00:00+08:00,0,165-002702,870,0,3,个
528-000031,3,,,1,YS221接收机防水硅胶件,False,2026-08-05T00:00:00+08:00,0,165-002646,859,0,1,个
528-000031,3,,,1,YS221_M16-12P信号转接线,False,2026-08-05T00:00:00+08:00,0,994-000606,650,0,1,个
528-000031,3,,,1,TNC防尘堵头,False,2026-08-05T00:00:00+08:00,0,165-002708,2359,0,2,个
528-000031,3,,,1,YN501_M16连接器防水胶套,False,2026-08-05T00:00:00+08:00,0,165-000722,5404,0,3,个
528-000031,3,,,1,GPS散热硅胶垫,False,2026-08-05T00:00:00+08:00,0,165-002647,1660,0,2,个
528-000031,3,,,1,M16*E19*L2.8六角螺母,False,2026-08-05T00:00:00+08:00,0,849-000382,14703,0,3,个
528-000031,3,,,1,812 M5防水透气阀,False,2026-08-05T00:00:00+08:00,0,849-000717,3087,0,3,个
528-000031,3,,,9,M3*10不锈钢耐落机制螺丝,False,2026-08-05T00:00:00+08:00,0,849-000204,53184,0,2,个
528-000031,3,,,12,M3*6-不锈钢十字圆头机牙螺丝_半耐落,False,2026-08-05T00:00:00+08:00,0,849-000700,116123,0,3,个
528-000031,3,,,1,YS221固定标签(国内),False,2026-08-05T00:00:00+08:00,0,468-000565,1312,0,1,个
791-000003,3,,,1,YN403_MAINBOARD_P2_PCBA,False,2026-08-05T00:00:00+08:00,0,588-000726,1034,0,7,个
791-000003,3,,,1,YN403_KEYBOARD_P0_PCBA,False,2026-08-05T00:00:00+08:00,0,588-000654,1044,0,2,个
791-000003,3,,,1,YN403_4GBOARD_P0_PCBA,False,2026-08-05T00:00:00+08:00,0,588-000655,1034,0,6,个
791-000003,3,,,1,YN403_后壳,False,2026-08-05T00:00:00+08:00,0,165-002372,1046,0,3,个
791-000003,3,,,1,YN403_SIM卡盖板,False,2026-08-05T00:00:00+08:00,0,165-002375,1246,0,2,个
791-000003,3,,,1,YN403_防水硅胶圈,False,2026-08-05T00:00:00+08:00,0,165-002376,1566,0,1,个
791-000003,3,,,1,YN403_USB防水密封圈,False,2026-08-05T00:00:00+08:00,0,165-002377,1246,0,2,个
791-000003,3,,,1,YN403_SIM卡防水密封圈,False,2026-08-05T00:00:00+08:00,0,165-002378,3946,0,1,个
791-000003,3,,,3,M2.5*6-不锈钢十字圆头机牙螺丝_半耐落,False,2026-08-05T00:00:00+08:00,0,849-000846,138907,0,3,个
791-000003,3,,,1,一卡三通NaNo物联卡（腾讯薄款）,False,2026-08-05T00:00:00+08:00,0,182-000055,6393,0,1,张
791-000003,3,,,1,YN406-4G天线,False,2026-08-05T00:00:00+08:00,0,838-000375,1037,0,1,个
791-000003,3,,,1,YN406-WIFI天线,False,2026-08-05T00:00:00+08:00,0,838-000376,1039,0,1,个
791-000003,3,,,1,YN403_导电泡棉3,False,2026-08-05T00:00:00+08:00,0,165-002405,12791,0,2,个
791-000003,3,,,2,YN403_导电泡棉6,False,2026-08-05T00:00:00+08:00,0,165-002408,3292,0,1,个
791-000003,3,,,1,YN403_前壳预装组件_不带终端互联,False,2026-08-05T00:00:00+08:00,0,791-000012,144,0,2,个
791-000003,3,,,3,701pro密封圈（摄像头）,False,2026-08-05T00:00:00+08:00,0,165-000229,12420,0,3,个
791-000003,3,,,1,308终端防水透气膜,False,2026-08-05T00:00:00+08:00,0,795-000176,16708,0,1,个
791-000003,3,,,9,M3*6十字薄头螺丝,False,2026-08-05T00:00:00+08:00,0,849-000943,17514,0,1,个
791-000003,3,,,10,M3*6-不锈钢十字圆头机牙螺丝_半耐落,False,2026-08-05T00:00:00+08:00,0,849-000700,116123,0,3,个
791-000003,3,,,14,M3*10不锈钢耐落机制螺丝,False,2026-08-05T00:00:00+08:00,0,849-000204,53184,0,2,个
791-000003,3,,,4,ST2.6*6-镀锌铁十字圆头尖尾自攻螺丝,False,2026-08-05T00:00:00+08:00,0,849-000392,65052,0,3,个
791-000003,3,,,3,M12*E19*L2.5六角螺帽,False,2026-08-05T00:00:00+08:00,0,849-000208,17644,0,4,个
791-000003,3,,,1,812 M5防水透气阀,False,2026-08-05T00:00:00+08:00,0,849-000717,3087,0,3,个
791-000003,3,,,3,701pro摄像头连接器防水胶套,False,2026-08-05T00:00:00+08:00,0,165-000266,8667,0,4,个
588-000712,4,,,1,贴片陶瓷电容,False,2026-08-05T00:00:00+08:00,0,725-000176,39490,0,1,个
588-000712,4,,,4,贴片陶瓷电容,False,2026-08-05T00:00:00+08:00,0,725-000357,39950,0,3,个
588-000712,4,,,3,贴片陶瓷电容,False,2026-08-05T00:00:00+08:00,0,725-000179,247043,0,6,个
588-000712,4,,,1,贴片陶瓷电容,False,2026-08-05T00:00:00+08:00,0,725-000320,9500,0,1,个
588-000712,4,,,24,贴片陶瓷电容,False,2026-08-05T00:00:00+08:00,0,725-000226,1516029,0,12,个
588-000712,4,,,1,贴片陶瓷电容,False,2026-08-05T00:00:00+08:00,0,725-000086,1280510,0,5,个
588-000712,4,,,10,贴片陶瓷电容,False,2026-08-05T00:00:00+08:00,0,725-000307,44000,0,1,个
588-000712,4,,,2,贴片陶瓷电容,False,2026-08-05T00:00:00+08:00,0,725-000105,0,0,0,
588-000712,4,,,4,贴片电阻,False,2026-08-05T00:00:00+08:00,0,539-000022,58369,0,2,个
588-000712,4,,,3,贴片电阻,False,2026-08-05T00:00:00+08:00,0,539-000276,24944,0,2,个
588-000712,4,,,1,贴片电阻,False,2026-08-05T00:00:00+08:00,0,539-000026,80817,0,4,个
588-000712,4,,,22,贴片电阻,False,2026-08-05T00:00:00+08:00,0,539-000002,281246,0,4,个
588-000712,4,,,2,贴片电阻,False,2026-08-05T00:00:00+08:00,0,539-000267,155240,0,2,个
588-000712,4,,,1,贴片电阻,False,2026-08-05T00:00:00+08:00,0,539-000028,16260,0,2,个
588-000712,4,,,1,贴片电阻,False,2026-08-05T00:00:00+08:00,0,539-000106,74024,0,5,个
588-000712,4,,,1,贴片电阻,False,2026-08-05T00:00:00+08:00,0,539-000154,130018,0,2,个
588-000712,4,,,1,贴片电阻,False,2026-08-05T00:00:00+08:00,0,539-000162,140000,0,2,个
588-000712,4,,,1,贴片电阻,False,2026-08-05T00:00:00+08:00,0,539-000005,103388,0,2,个
588-000712,4,,,1,贴片电阻,False,2026-08-05T00:00:00+08:00,0,539-000025,20000,0,1,个
588-000712,4,,,1,贴片电阻,False,2026-08-05T00:00:00+08:00,0,539-000006,155903,0,2,个
588-000712,4,,,5,贴片电阻,False,2026-08-05T00:00:00+08:00,0,539-000008,210003,0,2,个
588-000712,4,,,1,贴片电阻,False,2026-08-05T00:00:00+08:00,0,539-000247,10000,0,1,个
588-000712,4,,,1,贴片电阻,False,2026-08-05T00:00:00+08:00,0,539-000411,10000,0,1,个
588-000712,4,,,4,贴片电阻,False,2026-08-05T00:00:00+08:00,0,539-000045,50029,0,1,个
588-000712,4,,,2,贴片电阻,False,2026-08-05T00:00:00+08:00,0,539-000018,94254,0,3,个
588-000712,4,,,1,贴片电阻,False,2026-08-05T00:00:00+08:00,0,539-000047,0,0,0,
588-000712,4,,,1,贴片电阻,False,2026-08-05T00:00:00+08:00,0,539-000048,20000,0,1,个
588-000712,4,,,2,贴片电阻,False,2026-08-05T00:00:00+08:00,0,539-000271,10000,0,1,个
588-000712,4,,,1,肖特基二极管,False,2026-08-05T00:00:00+08:00,0,454-000310,6000,0,1,个
588-000712,4,,,1,贴片开关二极管,False,2026-08-05T00:00:00+08:00,0,454-000213,30000,0,1,个
588-000712,4,,,2,ESD静电保护管,False,2026-08-05T00:00:00+08:00,0,454-000347,3000,0,1,个
588-000712,4,,,1,12P双排卧插连接器,False,2026-08-05T00:00:00+08:00,0,356-000602,2000,0,1,个
588-000712,4,,,1,NPN三极管,False,2026-08-05T00:00:00+08:00,0,358-000091,107329,0,2,个
588-000712,4,,,1,TVS二极管,False,2026-08-05T00:00:00+08:00,0,454-000319,0,0,0,
588-000712,4,,,1,贴片共模电感,False,2026-08-05T00:00:00+08:00,0,733-000121,20181,0,1,个
588-000712,4,,,1,绕线贴片功率电感,False,2026-08-05T00:00:00+08:00,0,733-000129,12000,0,1,个
588-000712,4,,,1,贴片功率电感,False,2026-08-05T00:00:00+08:00,0,733-000130,2824,0,1,个
588-000712,4,,,1,电源芯片,False,2026-08-05T00:00:00+08:00,0,972-000475,20999,0,3,个
588-000712,4,,,1,DC-DC电源芯片,False,2026-08-05T00:00:00+08:00,0,972-000815,3000,0,1,个
588-000712,4,,,2,SS232收发器,False,2026-08-05T00:00:00+08:00,0,972-000323,20000,0,1,个
588-000712,4,,,1,四信LORA 模组,False,2026-08-05T00:00:00+08:00,0,972-000528,0,0,0,
588-000712,4,,,1,YS210_自研IMU模块_P1_PCBA,False,2026-08-05T00:00:00+08:00,0,588-000649,0,0,0,
588-000712,4,,,1,CAN收发器,False,2026-08-05T00:00:00+08:00,0,972-000610,16998,0,2,个
588-000712,4,,,1,YS221_P0_PCB,False,2026-08-05T00:00:00+08:00,0,321-000543,0,0,0,
588-000712,4,,,4,贴片螺母,False,2026-08-05T00:00:00+08:00,0,849-000011,1045,0,2,个
588-000712,4,,,2,1.37线径射频线夹,False,2026-08-05T00:00:00+08:00,0,849-000215,0,0,0,
588-000712,4,,,4,M3*6-不锈钢十字圆头机牙螺丝_半耐落,False,2026-08-05T00:00:00+08:00,0,849-000700,116123,0,3,个
588-000712,4,,,2,M3X7.5+4单头六角不锈钢螺柱，六角对边尺寸4.6,False,2026-08-05T00:00:00+08:00,0,849-000484,600,0,1,个
588-000712,4,,,2,M3X8+4单头六角铜柱，六角对边尺寸4.6,False,2026-08-05T00:00:00+08:00,0,849-000023,0,0,0,
588-000712,4,,,1,GPS模块M20_P2_S01_PCBA,False,2026-08-05T00:00:00+08:00,0,588-000620,1,0,1,个
588-000726,4,,,28,贴片电阻,False,2026-08-05T00:00:00+08:00,0,539-000631,0,0,0,
588-000726,4,,,1,YN403_Mainboard_P2_PCB,False,2026-08-05T00:00:00+08:00,0,321-000556,0,0,0,
588-000726,4,,,1,CPU,False,2026-08-05T00:00:00+08:00,0,972-000746,0,0,0,
588-000726,4,,,1,LPDDR4,False,2026-08-05T00:00:00+08:00,0,972-000745,2812,0,2,个
588-000726,4,,,1,PMIC,False,2026-08-05T00:00:00+08:00,0,972-000744,0,0,0,
588-000726,4,,,2,贴片共模电感,False,2026-08-05T00:00:00+08:00,0,733-000121,20181,0,1,个
588-000726,4,,,2,异步降压转换器,False,2026-08-05T00:00:00+08:00,0,554-000036,19685,0,3,个
588-000726,4,,,1,线性稳压器,False,2026-08-05T00:00:00+08:00,0,554-000069,2955,0,1,个
588-000726,4,,,2,DC-DC电源芯片,False,2026-08-05T00:00:00+08:00,0,972-000273,3000,0,1,个
588-000726,4,,,3,LDO,False,2026-08-05T00:00:00+08:00,0,972-000338,24833,0,4,个
588-000726,4,,,2,BOOST芯片,False,2026-08-05T00:00:00+08:00,0,972-000418,5096,0,1,个
588-000726,4,,,2,负载开关,False,2026-08-05T00:00:00+08:00,0,972-000587,0,0,0,
588-000726,4,,,2,限流负载开关,False,2026-08-05T00:00:00+08:00,0,972-000333,18000,0,3,个
588-000726,4,,,1,视频解码器,False,2026-08-05T00:00:00+08:00,0,972-000196,12000,0,2,个
588-000726,4,,,1,LED驱动,False,2026-08-05T00:00:00+08:00,0,972-000743,0,0,0,
588-000726,4,,,1,MCU,False,2026-08-05T00:00:00+08:00,0,972-000536,13500,0,1,个
588-000726,4,,,2,MCU电源监控芯片,False,2026-08-05T00:00:00+08:00,0,972-000448,4590,0,1,个
588-000726,4,,,1,音频功放,False,2026-08-05T00:00:00+08:00,0,972-000270,4000,0,1,个
588-000726,4,,,2,CAN收发器,False,2026-08-05T00:00:00+08:00,0,972-000610,16998,0,2,个
588-000726,4,,,1,逻辑芯片,False,2026-08-05T00:00:00+08:00,0,972-000432,8985,0,2,个
588-000726,4,,,1,SS232收发器,False,2026-08-05T00:00:00+08:00,0,972-000323,20000,0,1,个
588-000726,4,,,1,WIFI+蓝牙模块,False,2026-08-05T00:00:00+08:00,0,972-000085,0,0,0,
588-000726,4,,,1,随机存储器,False,2026-08-05T00:00:00+08:00,0,972-000303,5000,0,2,个
588-000726,4,,,1,DCDC转换器,False,2026-08-05T00:00:00+08:00,0,972-000770,6000,0,2,个
588-000726,4,,,1,电压监控IC,False,2026-08-05T00:00:00+08:00,0,972-000741,6000,0,2,个
588-000726,4,,,1,贴片无源晶振,False,2026-08-05T00:00:00+08:00,0,527-000036,14112,0,3,个
588-000726,4,,,1,贴片无源晶振,False,2026-08-05T00:00:00+08:00,0,527-000038,15000,0,1,个
588-000726,4,,,2,法拉电容,False,2026-08-05T00:00:00+08:00,0,725-000342,12676,0,1,个
588-000726,4,,,1,IPEX天线座,False,2026-08-05T00:00:00+08:00,0,356-000081,10153,0,2,个
588-000726,4,,,1,40pin卧贴抽屉式FPC连接器,False,2026-08-05T00:00:00+08:00,0,356-000200,11995,0,2,个
588-000726,4,,,7,贴片陶瓷电容,False,2026-08-05T00:00:00+08:00,0,725-000174,38000,0,1,个
588-000726,4,,,4,贴片陶瓷电容,False,2026-08-05T00:00:00+08:00,0,725-000167,92016,0,1,个
588-000726,4,,,18,贴片陶瓷电容,False,2026-08-05T00:00:00+08:00,0,725-000041,530000,0,1,个
588-000726,4,,,4,贴片陶瓷电容,False,2026-08-05T00:00:00+08:00,0,725-000118,11567,0,4,个
588-000726,4,,,33,贴片陶瓷电容,False,2026-08-05T00:00:00+08:00,0,725-000033,19550,0,2,个
588-000726,4,,,41,贴片陶瓷电容,False,2026-08-05T00:00:00+08:00,0,725-000089,153909,0,3,个
588-000726,4,,,1,贴片陶瓷电容,False,2026-08-05T00:00:00+08:00,0,725-000015,168000,0,8,个
588-000726,4,,,13,贴片陶瓷电容,False,2026-08-05T00:00:00+08:00,0,725-000104,42038,0,2,个
588-000726,4,,,5,贴片陶瓷电容,False,2026-08-05T00:00:00+08:00,0,725-000019,22667,0,3,个
588-000726,4,,,8,贴片陶瓷电容,False,2026-08-05T00:00:00+08:00,0,725-000048,73850,0,3,个
588-000726,4,,,2,贴片陶瓷电容,False,2026-08-05T00:00:00+08:00,0,725-000083,0,0,0,
588-000726,4,,,5,贴片陶瓷电容,False,2026-08-05T00:00:00+08:00,0,725-000046,58000,0,3,个
588-000726,4,,,6,贴片陶瓷电容,False,2026-08-05T00:00:00+08:00,0,725-000101,19650,0,2,个
588-000726,4,,,3,贴片陶瓷电容,False,2026-08-05T00:00:00+08:00,0,725-000170,44000,0,1,个
588-000726,4,,,2,贴片陶瓷电容,False,2026-08-05T00:00:00+08:00,0,725-000007,20000,0,2,个
588-000726,4,,,1,贴片陶瓷电容,False,2026-08-05T00:00:00+08:00,0,725-000129,40000,0,2,个
588-000726,4,,,79,贴片陶瓷电容,False,2026-08-05T00:00:00+08:00,0,725-000242,40200,0,1,个
588-000726,4,,,5,贴片陶瓷电容,False,2026-08-05T00:00:00+08:00,0,725-000249,0,0,0,
588-000726,4,,,8,贴片陶瓷电容,False,2026-08-05T00:00:00+08:00,0,725-000448,19700,0,1,个
588-000726,4,,,7,贴片陶瓷电容,False,2026-08-05T00:00:00+08:00,0,725-000069,356000,0,3,个
588-000726,4,,,3,稳压二极管,False,2026-08-05T00:00:00+08:00,0,454-000206,36000,0,1,个
588-000726,4,,,2,肖特基二极管,False,2026-08-05T00:00:00+08:00,0,454-000009,8062,0,4,个
588-000726,4,,,1,TVS二极管,False,2026-08-05T00:00:00+08:00,0,454-000256,20100,0,3,个
588-000726,4,,,2,肖特基二极管,False,2026-08-05T00:00:00+08:00,0,454-000187,23676,0,3,个
588-000726,4,,,4,贴片开关二极管,False,2026-08-05T00:00:00+08:00,0,454-000181,116449,0,6,个
588-000726,4,,,18,ESD二极管,False,2026-08-05T00:00:00+08:00,0,454-000258,108608,0,6,个
588-000726,4,,,2,ESD二极管,False,2026-08-05T00:00:00+08:00,0,454-000050,67706,0,3,个
588-000726,4,,,4,贴片发光二极管,False,2026-08-05T00:00:00+08:00,0,690-000012,119987,0,3,个
588-000726,4,,,1,TVS二极管,False,2026-08-05T00:00:00+08:00,0,454-000068,160076,0,3,个
588-000726,4,,,11,贴片磁珠,False,2026-08-05T00:00:00+08:00,0,733-000154,16000,0,2,个
588-000726,4,,,3,贴片磁珠,False,2026-08-05T00:00:00+08:00,0,733-000084,123364,0,4,个
588-000726,4,,,1,M12防水8P-B款板端公头-26L,False,2026-08-05T00:00:00+08:00,0,356-000491,0,0,0,
588-000726,4,,,1,M12防水5P-A款板端公头-26L,False,2026-08-05T00:00:00+08:00,0,356-000490,0,0,0,
588-000726,4,,,1,M12防水6P-A款板端公头-26L,False,2026-08-05T00:00:00+08:00,0,356-000557,0,0,0,
588-000726,4,,,1,肖特基二极管,False,2026-08-05T00:00:00+08:00,0,454-000322,96000,0,2,个
588-000726,4,,,1,白色贴片插座母座,False,2026-08-05T00:00:00+08:00,0,356-000251,4000,0,1,个
588-000726,4,,,1,双排排母 立贴 2.0Pitch 2X5pin,False,2026-08-05T00:00:00+08:00,0,356-000559,0,0,0,
588-000726,4,,,1,双排排母 立贴 2.0Pitch 2X4pin,False,2026-08-05T00:00:00+08:00,0,356-000561,0,0,0,
588-000726,4,,,1,双排排母 立贴 2.0Pitch 2X7pin,False,2026-08-05T00:00:00+08:00,0,356-000563,1000,0,1,个
588-000726,4,,,1,1.37线径射频线夹,False,2026-08-05T00:00:00+08:00,0,849-000215,0,0,0,
588-000726,4,,,2,贴片功率电感,False,2026-08-05T00:00:00+08:00,0,733-000100,34513,0,5,个
588-000726,4,,,1,绕线贴片功率电感,False,2026-08-05T00:00:00+08:00,0,733-000023,1500,0,1,个
588-000726,4,,,5,功率电感,False,2026-08-05T00:00:00+08:00,0,733-000082,10000,0,1,个
588-000726,4,,,2,贴片功率电感,False,2026-08-05T00:00:00+08:00,0,733-000130,2824,0,1,个
588-000726,4,,,2,绕线贴片功率电感,False,2026-08-05T00:00:00+08:00,0,733-000039,12000,0,2,个
588-000726,4,,,2,绕线贴片功率电感,False,2026-08-05T00:00:00+08:00,0,733-000038,12293,0,3,个
588-000726,4,,,1,绕线贴片功率电感,False,2026-08-05T00:00:00+08:00,0,733-000043,0,0,0,
588-000726,4,,,4,贴片螺母,False,2026-08-05T00:00:00+08:00,0,849-000929,0,0,0,
588-000726,4,,,3,贴片螺母,False,2026-08-05T00:00:00+08:00,0,849-000928,8378,0,1,个
588-000726,4,,,4,贴片螺母,False,2026-08-05T00:00:00+08:00,0,849-000011,1045,0,2,个
588-000726,4,,,3,贴片PMOS管,False,2026-08-05T00:00:00+08:00,0,358-000166,8940,0,2,个
588-000726,4,,,2,MOSFET,False,2026-08-05T00:00:00+08:00,0,358-000180,14812,0,4,个
588-000726,4,,,1,贴片电阻,False,2026-08-05T00:00:00+08:00,0,539-000124,75000,0,3,个
588-000726,4,,,1,贴片电阻,False,2026-08-05T00:00:00+08:00,0,539-000046,111065,0,2,个
588-000726,4,,,2,贴片电阻,False,2026-08-05T00:00:00+08:00,0,539-000374,260000,0,10,个
588-000726,4,,,2,贴片电阻,False,2026-08-05T00:00:00+08:00,0,539-000237,100000,0,1,个
588-000726,4,,,1,贴片电阻,False,2026-08-05T00:00:00+08:00,0,539-000382,49056,0,2,个
588-000726,4,,,4,贴片电阻,False,2026-08-05T00:00:00+08:00,0,539-000147,178381,0,4,个
588-000726,4,,,2,贴片电阻,False,2026-08-05T00:00:00+08:00,0,539-000082,99999,0,3,个
588-000726,4,,,2,贴片电阻,False,2026-08-05T00:00:00+08:00,0,539-000075,90060,0,1,个
588-000726,4,,,1,贴片电阻,False,2026-08-05T00:00:00+08:00,0,539-000318,9996,0,1,个
588-000726,4,,,4,贴片电阻,False,2026-08-05T00:00:00+08:00,0,539-000162,140000,0,2,个
588-000726,4,,,1,贴片电阻,False,2026-08-05T00:00:00+08:00,0,539-000015,20000,0,1,个
588-000726,4,,,8,贴片电阻,False,2026-08-05T00:00:00+08:00,0,539-000031,134234,0,3,个
588-000726,4,,,1,贴片电阻,False,2026-08-05T00:00:00+08:00,0,539-000249,10000,0,1,个
588-000726,4,,,1,贴片电阻,False,2026-08-05T00:00:00+08:00,0,539-000042,40190,0,2,个
588-000726,4,,,1,贴片电阻,False,2026-08-05T00:00:00+08:00,0,539-000287,9999,0,1,个
588-000726,4,,,1,贴片电阻,False,2026-08-05T00:00:00+08:00,0,539-000014,76904,0,1,个
588-000726,4,,,1,贴片电阻,False,2026-08-05T00:00:00+08:00,0,539-000048,20000,0,1,个
588-000726,4,,,54,贴片电阻,False,2026-08-05T00:00:00+08:00,0,539-000002,281246,0,4,个
588-000726,4,,,1,贴片电阻,False,2026-08-05T00:00:00+08:00,0,539-000264,33246,0,3,个
588-000726,4,,,10,贴片电阻,False,2026-08-05T00:00:00+08:00,0,539-000006,155903,0,2,个
588-000726,4,,,1,贴片电阻,False,2026-08-05T00:00:00+08:00,0,539-000045,50029,0,1,个
588-000726,4,,,1,贴片电阻,False,2026-08-05T00:00:00+08:00,0,539-000050,30060,0,2,个
588-000726,4,,,1,贴片电阻,False,2026-08-05T00:00:00+08:00,0,539-000073,40818,0,4,个
588-000726,4,,,4,贴片电阻,False,2026-08-05T00:00:00+08:00,0,539-000018,94254,0,3,个
588-000726,4,,,2,贴片电阻,False,2026-08-05T00:00:00+08:00,0,539-000070,90000,0,1,个
588-000726,4,,,1,贴片电阻,False,2026-08-05T00:00:00+08:00,0,539-000171,19900,0,2,个
588-000726,4,,,4,贴片电阻,False,2026-08-05T00:00:00+08:00,0,539-000159,21771,0,2,个
588-000726,4,,,2,贴片电阻,False,2026-08-05T00:00:00+08:00,0,539-000248,19152,0,2,个
588-000726,4,,,2,贴片电阻,False,2026-08-05T00:00:00+08:00,0,539-000241,20250,0,2,个
588-000726,4,,,2,贴片电阻,False,2026-08-05T00:00:00+08:00,0,539-000094,47829,0,2,个
588-000726,4,,,2,贴片电阻,False,2026-08-05T00:00:00+08:00,0,539-000099,0,0,0,
588-000726,4,,,1,贴片电阻,False,2026-08-05T00:00:00+08:00,0,539-000037,14087,0,2,个
588-000726,4,,,11,贴片电阻,False,2026-08-05T00:00:00+08:00,0,539-000103,150000,0,4,个
588-000726,4,,,2,贴片电阻,False,2026-08-05T00:00:00+08:00,0,539-000027,130437,0,2,个
588-000726,4,,,1,贴片电阻,False,2026-08-05T00:00:00+08:00,0,539-000251,5000,0,1,个
588-000726,4,,,2,贴片电阻,False,2026-08-05T00:00:00+08:00,0,539-000110,395000,0,7,个
588-000726,4,,,2,贴片电阻,False,2026-08-05T00:00:00+08:00,0,539-000100,133845,0,3,个
588-000726,4,,,11,贴片电阻,False,2026-08-05T00:00:00+08:00,0,539-000138,29740,0,3,个
588-000726,4,,,4,贴片电阻,False,2026-08-05T00:00:00+08:00,0,539-000326,0,0,0,
588-000726,4,,,4,贴片电阻,False,2026-08-05T00:00:00+08:00,0,539-000120,64951,0,5,个
588-000726,4,,,1,贴片电阻,False,2026-08-05T00:00:00+08:00,0,539-000244,21059,0,2,个
588-000726,4,,,9,贴片可恢复保险丝,False,2026-08-05T00:00:00+08:00,0,364-000050,35885,0,1,个
588-000726,4,,,2,贴片电阻,False,2026-08-05T00:00:00+08:00,0,539-000300,31671,0,3,个
588-000726,4,,,2,贴片电阻,False,2026-08-05T00:00:00+08:00,0,539-000276,24944,0,2,个
588-000726,4,,,2,贴片电阻,False,2026-08-05T00:00:00+08:00,0,539-000026,80817,0,4,个
588-000726,4,,,1,贴片电阻,False,2026-08-05T00:00:00+08:00,0,539-000515,20000,0,2,个
588-000726,4,,,2,贴片电阻,False,2026-08-05T00:00:00+08:00,0,539-000063,86000,0,1,个
588-000726,4,,,1,贴片电阻,False,2026-08-05T00:00:00+08:00,0,539-000114,45000,0,5,个
588-000726,4,,,2,贴片电阻,False,2026-08-05T00:00:00+08:00,0,539-000386,25000,0,1,个
588-000726,4,,,1,轻触开关,False,2026-08-05T00:00:00+08:00,0,895-000088,0,0,0,
588-000726,4,,,2,YN403主板CPU屏蔽罩,False,2026-08-05T00:00:00+08:00,0,795-000884,1885,0,1,个
588-000726,4,,,2,YN403主板CPU屏蔽罩支架,False,2026-08-05T00:00:00+08:00,0,795-000885,1730,0,1,个
588-000726,4,,,1,YN403主板电源屏蔽罩,False,2026-08-05T00:00:00+08:00,0,795-000886,2300,0,1,个
588-000726,4,,,1,YN403主板电源屏蔽罩支架,False,2026-08-05T00:00:00+08:00,0,795-000887,2300,0,1,个
588-000726,4,,,4,M3X9+4单头六角铜柱，六角对边尺寸4.6,False,2026-08-05T00:00:00+08:00,0,849-000942,0,0,0,
588-000726,4,,,4,M3*6十字薄头螺丝,False,2026-08-05T00:00:00+08:00,0,849-000943,17514,0,1,个
588-000726,4,,,1,YN403_USB&SIM_P1_PCBA,False,2026-08-05T00:00:00+08:00,0,588-000653,0,0,0,
588-000654,4,,,1,双排排针 DIP 2.0Pitch 2X4pin,False,2026-08-05T00:00:00+08:00,0,356-000560,0,0,0,
588-000654,4,,,1,YN403_KEYBOARD_P0_PCB,False,2026-08-05T00:00:00+08:00,0,321-000502,0,0,0,
588-000654,4,,,10,贴片发光二极管,False,2026-08-05T00:00:00+08:00,0,690-000047,18854,0,3,个
588-000654,4,,,10,贴片电阻,False,2026-08-05T00:00:00+08:00,0,539-000110,395000,0,7,个
588-000655,4,,,1,YN403_4GBOARD_P0_PCB,False,2026-08-05T00:00:00+08:00,0,321-000503,0,0,0,
588-000655,4,,,1,IPEX天线座,False,2026-08-05T00:00:00+08:00,0,356-000081,10153,0,2,个
588-000655,4,,,2,贴片陶瓷电容,False,2026-08-05T00:00:00+08:00,0,725-000089,153909,0,3,个
588-000655,4,,,4,贴片陶瓷电容,False,2026-08-05T00:00:00+08:00,0,725-000041,530000,0,1,个
588-000655,4,,,1,贴片陶瓷电容,False,2026-08-05T00:00:00+08:00,0,725-000088,116000,0,2,个
588-000655,4,,,6,贴片陶瓷电容,False,2026-08-05T00:00:00+08:00,0,725-000019,22667,0,3,个
588-000655,4,,,1,贴片陶瓷电容,False,2026-08-05T00:00:00+08:00,0,725-000033,19550,0,2,个
588-000655,4,,,11,ESD二极管,False,2026-08-05T00:00:00+08:00,0,454-000258,108608,0,6,个
588-000655,4,,,3,贴片磁珠,False,2026-08-05T00:00:00+08:00,0,733-000084,123364,0,4,个
588-000655,4,,,2,1.37线径射频线夹,False,2026-08-05T00:00:00+08:00,0,849-000215,0,0,0,
588-000655,4,,,1,贴片功率电感,False,2026-08-05T00:00:00+08:00,0,733-000236,2000,0,1,个
588-000655,4,,,1,贴片PMOS管,False,2026-08-05T00:00:00+08:00,0,358-000166,8940,0,2,个
588-000655,4,,,1,贴片电阻,False,2026-08-05T00:00:00+08:00,0,539-000026,80817,0,4,个
588-000655,4,,,1,贴片电阻,False,2026-08-05T00:00:00+08:00,0,539-000043,19690,0,2,个
588-000655,4,,,2,贴片电阻,False,2026-08-05T00:00:00+08:00,0,539-000162,140000,0,2,个
588-000655,4,,,6,贴片电阻,False,2026-08-05T00:00:00+08:00,0,539-000002,281246,0,4,个
588-000655,4,,,1,贴片电阻,False,2026-08-05T00:00:00+08:00,0,539-000006,155903,0,2,个
588-000655,4,,,1,双排排针 DIP 2.0Pitch 2X7pin,False,2026-08-05T00:00:00+08:00,0,356-000562,0,0,0,
791-000012,4,,,1,YN403_前壳,False,2026-08-05T00:00:00+08:00,0,165-002371,119,0,5,个
588-000649,5,,,1,YS210_自研IMU模块_P1_PCB,False,2026-08-05T00:00:00+08:00,0,321-000498,0,0,0,
588-000649,5,,,1,408IMU自研屏蔽罩V2,False,2026-08-05T00:00:00+08:00,0,795-000863,550,0,2,个
588-000649,5,,,13,贴片陶瓷电容,False,2026-08-05T00:00:00+08:00,0,725-000242,40200,0,1,个
588-000649,5,,,2,贴片陶瓷电容,False,2026-08-05T00:00:00+08:00,0,725-000415,29750,0,2,个
588-000649,5,,,3,贴片陶瓷电容,False,2026-08-05T00:00:00+08:00,0,725-000431,10000,0,1,个
588-000649,5,,,1,贴片陶瓷电容,False,2026-08-05T00:00:00+08:00,0,725-000432,15000,0,1,个
588-000649,5,,,2,贴片陶瓷电容,False,2026-08-05T00:00:00+08:00,0,725-000433,15000,0,1,个
588-000649,5,,,1,贴片陶瓷电容,False,2026-08-05T00:00:00+08:00,0,725-000434,0,0,0,
588-000649,5,,,7,贴片电阻,False,2026-08-05T00:00:00+08:00,0,539-000379,10000,0,1,个
588-000649,5,,,26,贴片电阻,False,2026-08-05T00:00:00+08:00,0,539-000310,20000,0,1,个
588-000649,5,,,1,贴片电阻,False,2026-08-05T00:00:00+08:00,0,539-000589,20000,0,2,个
588-000649,5,,,2,贴片电阻,False,2026-08-05T00:00:00+08:00,0,539-000544,0,0,0,
588-000649,5,,,1,IMU,False,2026-08-05T00:00:00+08:00,0,972-000264,0,0,0,
588-000649,5,,,1,IMU,False,2026-08-05T00:00:00+08:00,0,972-000688,230,0,1,个
588-000649,5,,,1,MCU,False,2026-08-05T00:00:00+08:00,0,972-000689,12019,0,3,个
588-000649,5,,,1,贴片IMU,False,2026-08-05T00:00:00+08:00,0,972-000159,5000,0,2,个
588-000649,5,,,1,贴片无源晶振,False,2026-08-05T00:00:00+08:00,0,527-000053,6001,0,2,个
588-000620,5,,,1,贴片电阻,False,2026-08-05T00:00:00+08:00,0,539-000245,20000,0,2,个
588-000620,5,,,1,GPS模块,False,2026-08-05T00:00:00+08:00,0,972-000712,295,0,2,个
588-000620,5,,,1,GPS模块M20_P2_PCB,False,2026-08-05T00:00:00+08:00,0,321-000476,0,0,0,
588-000620,5,,,1,贴片陶瓷电容,False,2026-08-05T00:00:00+08:00,0,725-000004,20000,0,2,个
588-000620,5,,,1,贴片陶瓷电容,False,2026-08-05T00:00:00+08:00,0,725-000088,116000,0,2,个
588-000620,5,,,6,贴片电阻,False,2026-08-05T00:00:00+08:00,0,539-000001,286734,0,5,个
588-000620,5,,,4,贴片电阻,False,2026-08-05T00:00:00+08:00,0,539-000003,181785,0,2,个
588-000620,5,,,3,贴片电阻,False,2026-08-05T00:00:00+08:00,0,539-000005,103388,0,2,个
588-000620,5,,,2,贴片电阻,False,2026-08-05T00:00:00+08:00,0,539-000018,94254,0,3,个
588-000620,5,,,1,贴片发光二极管,False,2026-08-05T00:00:00+08:00,0,690-000012,119987,0,3,个
588-000620,5,,,1,贴片发光二极管,False,2026-08-05T00:00:00+08:00,0,690-000005,6675,0,2,个
588-000620,5,,,7,ESD静电保护管,False,2026-08-05T00:00:00+08:00,0,454-000004,0,0,0,
588-000620,5,,,1,贴片自恢复保险丝,False,2026-08-05T00:00:00+08:00,0,364-000046,10000,0,2,个
588-000620,5,,,1,贴片功率电感,False,2026-08-05T00:00:00+08:00,0,733-000199,20000,0,2,个
588-000620,5,,,1,负载开关,False,2026-08-05T00:00:00+08:00,0,972-000587,0,0,0,
588-000653,5,,,1,双排排针 DIP 2.0Pitch 2X5pin,False,2026-08-05T00:00:00+08:00,0,356-000558,0,0,0,
588-000653,5,,,1,YN403_USB&SIM_P1_PCB,False,2026-08-05T00:00:00+08:00,0,321-000501,0,0,0,
588-000653,5,,,1,沉板前插后贴式短款USB 2.0母座,False,2026-08-05T00:00:00+08:00,0,356-000389,0,0,0,
588-000653,5,,,6,ESD二极管,False,2026-08-05T00:00:00+08:00,0,454-000258,108608,0,6,个
588-000653,5,,,1,Push-Push Nano SIM 卡座,False,2026-08-05T00:00:00+08:00,0,356-000382,0,0,0,
588-000653,5,,,3,贴片电阻,False,2026-08-05T00:00:00+08:00,0,539-000026,80817,0,4,个
