material_code,standard_usage,alt_group_no,bom_version,bom_level,is_substitute,alt_priority,alt_method,material_name,parent_material_code,available_qty,reserved_qty,stock_rows,inventory_uom
791-000013,1,,2026-08-05T00:00:00+08:00,1,False,0,,YN406预组装包(拖拉机),382-000005,1000,0,1,个
606-000989,1,,2026-08-05T00:00:00+08:00,1,False,0,,YN406 包装外箱_V2,382-000005,344,0,2,个
606-000990,1,,2026-08-05T00:00:00+08:00,1,False,0,,YN406 珍珠棉内托_V2,382-000005,400,0,3,个
528-000036,1,,2026-08-05T00:00:00+08:00,1,False,0,,YS221A接收机组件_国内,382-000005,34,0,1,个
791-000007,1,,2026-08-05T00:00:00+08:00,1,False,0,,YN406B方向盘组件（拖拉机）,382-000005,0,0,0,
994-000550,1,,2026-08-05T00:00:00+08:00,1,False,0,,406电源+电机+接收机连接线,382-000005,1875,0,8,个
468-000493,1,,2026-08-05T00:00:00+08:00,1,False,0,,YN406说明书（中文）,382-000005,1867,0,1,个
468-000530,1,,2026-08-05T00:00:00+08:00,1,False,0,,导航车贴(60*15cm),382-000005,1500,0,1,个
791-000015,1,,2026-08-05T00:00:00+08:00,1,False,0,,YN403显示终端整机_预装组件_拖拉机,382-000005,0,0,0,
795-000993,1,,2026-08-05T00:00:00+08:00,2,False,0,,IMU、蘑菇头、显示终端安装附件包(30长),791-000013,2000,0,1,包
606-000852,1,,2026-08-05T00:00:00+08:00,2,False,0,,I406 预组装外箱,791-000013,600,0,1,个
606-000853,1,,2026-08-05T00:00:00+08:00,2,False,0,,I406 预组装珍珠棉内托,791-000013,590,0,1,个
795-000130,1,,2026-08-05T00:00:00+08:00,2,False,0,,显示终端安装附件包,791-000013,1124,0,2,个
795-000728,1,,2026-08-05T00:00:00+08:00,2,False,0,,终端RAM支架U型底座安装附件包,791-000013,2950,0,2,个
795-000302,1,,2026-08-05T00:00:00+08:00,2,False,0,,电机安装附件包,791-000013,2374,0,1,个
165-000257,1,,2026-08-05T00:00:00+08:00,2,False,0,,1号电机支架底板圆柱（L=100mm）,791-000013,1409,0,3,个
795-000865,1,,2026-08-05T00:00:00+08:00,2,False,0,,电机1号安装支架附件包,791-000013,2867,0,2,个
795-000133,10,,2026-08-05T00:00:00+08:00,2,False,0,,线束安装附件包,791-000013,26297,0,3,个
606-000012,1,,2026-08-05T00:00:00+08:00,2,False,0,,4号自封袋,791-000013,19500,0,1,个
528-000031,1,,2026-08-05T00:00:00+08:00,2,False,0,,YS221A接收机整机_国内版_整机,528-000036,391,0,1,个
849-001021,4,,2026-08-05T00:00:00+08:00,2,False,0,,M6X16不锈钢外六角三组合螺丝_半耐落,528-000036,8843,0,2,个
849-000288,6,,2026-08-05T00:00:00+08:00,2,False,0,,M4*22_不锈钢杯头内六角滚花机牙螺丝_整圈耐落,791-000007,161549,0,9,个
791-000003,1,,2026-08-05T00:00:00+08:00,2,False,0,,YN403（406）整机,791-000015,445,0,4,个
165-000120,1,,2026-08-05T00:00:00+08:00,2,False,0,,308终端RAM支架,791-000015,1712,0,1,个
849-000987,4,,2026-08-05T00:00:00+08:00,2,False,0,,M5*22_不锈钢内六角机牙螺丝_整圈耐落,791-000015,19826,0,5,个
588-000712,1,,2026-08-05T00:00:00+08:00,3,False,0,,YS221_P0_(四信+M2-BD)S01_PCBA,528-000031,894,0,5,个
838-000403,1,,2026-08-05T00:00:00+08:00,3,False,0,,YS221-TNC转IPEX连接线,528-000031,740,0,1,个
165-002644,1,,2026-08-05T00:00:00+08:00,3,False,0,,YS221接收机上壳,528-000031,857,0,1,个
165-002702,1,,2026-08-05T00:00:00+08:00,3,False,0,,YS221接收机下壳(P+R),528-000031,870,0,3,个
165-002646,1,,2026-08-05T00:00:00+08:00,3,False,0,,YS221接收机防水硅胶件,528-000031,859,0,1,个
994-000606,1,,2026-08-05T00:00:00+08:00,3,False,0,,YS221_M16-12P信号转接线,528-000031,650,0,1,个
165-002708,1,,2026-08-05T00:00:00+08:00,3,False,0,,TNC防尘堵头,528-000031,2359,0,2,个
165-000722,1,,2026-08-05T00:00:00+08:00,3,False,0,,YN501_M16连接器防水胶套,528-000031,5404,0,3,个
165-002647,1,,2026-08-05T00:00:00+08:00,3,False,0,,GPS散热硅胶垫,528-000031,1660,0,2,个
849-000382,1,,2026-08-05T00:00:00+08:00,3,False,0,,M16*E19*L2.8六角螺母,528-000031,14703,0,3,个
849-000717,1,,2026-08-05T00:00:00+08:00,3,False,0,,812 M5防水透气阀,528-000031,3087,0,3,个
849-000204,9,,2026-08-05T00:00:00+08:00,3,False,0,,M3*10不锈钢耐落机制螺丝,528-000031,53184,0,2,个
849-000700,12,,2026-08-05T00:00:00+08:00,3,False,0,,M3*6-不锈钢十字圆头机牙螺丝_半耐落,528-000031,116123,0,3,个
468-000565,1,,2026-08-05T00:00:00+08:00,3,False,0,,YS221固定标签(国内),528-000031,1312,0,1,个
588-000726,1,,2026-08-05T00:00:00+08:00,3,False,0,,YN403_MAINBOARD_P2_PCBA,791-000003,1034,0,7,个
588-000654,1,,2026-08-05T00:00:00+08:00,3,False,0,,YN403_KEYBOARD_P0_PCBA,791-000003,1044,0,2,个
588-000655,1,,2026-08-05T00:00:00+08:00,3,False,0,,YN403_4GBOARD_P0_PCBA,791-000003,1034,0,6,个
165-002372,1,,2026-08-05T00:00:00+08:00,3,False,0,,YN403_后壳,791-000003,1046,0,3,个
165-002375,1,,2026-08-05T00:00:00+08:00,3,False,0,,YN403_SIM卡盖板,791-000003,1246,0,2,个
165-002376,1,,2026-08-05T00:00:00+08:00,3,False,0,,YN403_防水硅胶圈,791-000003,1566,0,1,个
165-002377,1,,2026-08-05T00:00:00+08:00,3,False,0,,YN403_USB防水密封圈,791-000003,1246,0,2,个
165-002378,1,,2026-08-05T00:00:00+08:00,3,False,0,,YN403_SIM卡防水密封圈,791-000003,3946,0,1,个
849-000846,3,,2026-08-05T00:00:00+08:00,3,False,0,,M2.5*6-不锈钢十字圆头机牙螺丝_半耐落,791-000003,138907,0,3,个
182-000055,1,,2026-08-05T00:00:00+08:00,3,False,0,,一卡三通NaNo物联卡（腾讯薄款）,791-000003,6393,0,1,张
838-000375,1,,2026-08-05T00:00:00+08:00,3,False,0,,YN406-4G天线,791-000003,1037,0,1,个
838-000376,1,,2026-08-05T00:00:00+08:00,3,False,0,,YN406-WIFI天线,791-000003,1039,0,1,个
165-002405,1,,2026-08-05T00:00:00+08:00,3,False,0,,YN403_导电泡棉3,791-000003,12791,0,2,个
165-002408,2,,2026-08-05T00:00:00+08:00,3,False,0,,YN403_导电泡棉6,791-000003,3292,0,1,个
791-000012,1,,2026-08-05T00:00:00+08:00,3,False,0,,YN403_前壳预装组件_不带终端互联,791-000003,144,0,2,个
165-000229,3,,2026-08-05T00:00:00+08:00,3,False,0,,701pro密封圈（摄像头）,791-000003,12420,0,3,个
795-000176,1,,2026-08-05T00:00:00+08:00,3,False,0,,308终端防水透气膜,791-000003,16708,0,1,个
849-000943,9,,2026-08-05T00:00:00+08:00,3,False,0,,M3*6十字薄头螺丝,791-000003,17514,0,1,个
849-000700,10,,2026-08-05T00:00:00+08:00,3,False,0,,M3*6-不锈钢十字圆头机牙螺丝_半耐落,791-000003,116123,0,3,个
849-000204,14,,2026-08-05T00:00:00+08:00,3,False,0,,M3*10不锈钢耐落机制螺丝,791-000003,53184,0,2,个
849-000392,4,,2026-08-05T00:00:00+08:00,3,False,0,,ST2.6*6-镀锌铁十字圆头尖尾自攻螺丝,791-000003,65052,0,3,个
849-000208,3,,2026-08-05T00:00:00+08:00,3,False,0,,M12*E19*L2.5六角螺帽,791-000003,17644,0,4,个
849-000717,1,,2026-08-05T00:00:00+08:00,3,False,0,,812 M5防水透气阀,791-000003,3087,0,3,个
165-000266,3,,2026-08-05T00:00:00+08:00,3,False,0,,701pro摄像头连接器防水胶套,791-000003,8667,0,4,个
725-000176,1,,2026-08-05T00:00:00+08:00,4,False,0,,贴片陶瓷电容,588-000712,39490,0,1,个
725-000357,4,,2026-08-05T00:00:00+08:00,4,False,0,,贴片陶瓷电容,588-000712,39950,0,3,个
725-000179,3,,2026-08-05T00:00:00+08:00,4,False,0,,贴片陶瓷电容,588-000712,247043,0,6,个
725-000320,1,,2026-08-05T00:00:00+08:00,4,False,0,,贴片陶瓷电容,588-000712,9500,0,1,个
725-000226,24,,2026-08-05T00:00:00+08:00,4,False,0,,贴片陶瓷电容,588-000712,1516029,0,12,个
725-000086,1,,2026-08-05T00:00:00+08:00,4,False,0,,贴片陶瓷电容,588-000712,1280510,0,5,个
725-000307,10,,2026-08-05T00:00:00+08:00,4,False,0,,贴片陶瓷电容,588-000712,44000,0,1,个
725-000105,2,,2026-08-05T00:00:00+08:00,4,False,0,,贴片陶瓷电容,588-000712,0,0,0,
539-000022,4,,2026-08-05T00:00:00+08:00,4,False,0,,贴片电阻,588-000712,58369,0,2,个
539-000276,3,,2026-08-05T00:00:00+08:00,4,False,0,,贴片电阻,588-000712,24944,0,2,个
539-000026,1,,2026-08-05T00:00:00+08:00,4,False,0,,贴片电阻,588-000712,80817,0,4,个
539-000002,22,,2026-08-05T00:00:00+08:00,4,False,0,,贴片电阻,588-000712,281246,0,4,个
539-000267,2,,2026-08-05T00:00:00+08:00,4,False,0,,贴片电阻,588-000712,155240,0,2,个
539-000028,1,,2026-08-05T00:00:00+08:00,4,False,0,,贴片电阻,588-000712,16260,0,2,个
539-000106,1,,2026-08-05T00:00:00+08:00,4,False,0,,贴片电阻,588-000712,74024,0,5,个
539-000154,1,,2026-08-05T00:00:00+08:00,4,False,0,,贴片电阻,588-000712,130018,0,2,个
539-000162,1,,2026-08-05T00:00:00+08:00,4,False,0,,贴片电阻,588-000712,140000,0,2,个
539-000005,1,,2026-08-05T00:00:00+08:00,4,False,0,,贴片电阻,588-000712,103388,0,2,个
539-000025,1,,2026-08-05T00:00:00+08:00,4,False,0,,贴片电阻,588-000712,20000,0,1,个
539-000006,1,,2026-08-05T00:00:00+08:00,4,False,0,,贴片电阻,588-000712,155903,0,2,个
539-000008,5,,2026-08-05T00:00:00+08:00,4,False,0,,贴片电阻,588-000712,210003,0,2,个
539-000247,1,,2026-08-05T00:00:00+08:00,4,False,0,,贴片电阻,588-000712,10000,0,1,个
539-000411,1,,2026-08-05T00:00:00+08:00,4,False,0,,贴片电阻,588-000712,10000,0,1,个
539-000045,4,,2026-08-05T00:00:00+08:00,4,False,0,,贴片电阻,588-000712,50029,0,1,个
539-000018,2,,2026-08-05T00:00:00+08:00,4,False,0,,贴片电阻,588-000712,94254,0,3,个
539-000047,1,,2026-08-05T00:00:00+08:00,4,False,0,,贴片电阻,588-000712,0,0,0,
539-000048,1,,2026-08-05T00:00:00+08:00,4,False,0,,贴片电阻,588-000712,20000,0,1,个
539-000271,2,,2026-08-05T00:00:00+08:00,4,False,0,,贴片电阻,588-000712,10000,0,1,个
454-000310,1,,2026-08-05T00:00:00+08:00,4,False,0,,肖特基二极管,588-000712,6000,0,1,个
454-000213,1,,2026-08-05T00:00:00+08:00,4,False,0,,贴片开关二极管,588-000712,30000,0,1,个
454-000347,2,,2026-08-05T00:00:00+08:00,4,False,0,,ESD静电保护管,588-000712,3000,0,1,个
356-000602,1,,2026-08-05T00:00:00+08:00,4,False,0,,12P双排卧插连接器,588-000712,2000,0,1,个
358-000091,1,,2026-08-05T00:00:00+08:00,4,False,0,,NPN三极管,588-000712,107329,0,2,个
454-000319,1,,2026-08-05T00:00:00+08:00,4,False,0,,TVS二极管,588-000712,0,0,0,
733-000121,1,,2026-08-05T00:00:00+08:00,4,False,0,,贴片共模电感,588-000712,20181,0,1,个
733-000129,1,,2026-08-05T00:00:00+08:00,4,False,0,,绕线贴片功率电感,588-000712,12000,0,1,个
733-000130,1,,2026-08-05T00:00:00+08:00,4,False,0,,贴片功率电感,588-000712,2824,0,1,个
972-000475,1,,2026-08-05T00:00:00+08:00,4,False,0,,电源芯片,588-000712,20999,0,3,个
972-000815,1,,2026-08-05T00:00:00+08:00,4,False,0,,DC-DC电源芯片,588-000712,3000,0,1,个
972-000323,2,,2026-08-05T00:00:00+08:00,4,False,0,,SS232收发器,588-000712,20000,0,1,个
972-000528,1,,2026-08-05T00:00:00+08:00,4,False,0,,四信LORA 模组,588-000712,0,0,0,
588-000649,1,,2026-08-05T00:00:00+08:00,4,False,0,,YS210_自研IMU模块_P1_PCBA,588-000712,0,0,0,
972-000610,1,,2026-08-05T00:00:00+08:00,4,False,0,,CAN收发器,588-000712,16998,0,2,个
321-000543,1,,2026-08-05T00:00:00+08:00,4,False,0,,YS221_P0_PCB,588-000712,0,0,0,
849-000011,4,,2026-08-05T00:00:00+08:00,4,False,0,,贴片螺母,588-000712,1045,0,2,个
849-000215,2,,2026-08-05T00:00:00+08:00,4,False,0,,1.37线径射频线夹,588-000712,0,0,0,
849-000700,4,,2026-08-05T00:00:00+08:00,4,False,0,,M3*6-不锈钢十字圆头机牙螺丝_半耐落,588-000712,116123,0,3,个
849-000484,2,,2026-08-05T00:00:00+08:00,4,False,0,,M3X7.5+4单头六角不锈钢螺柱，六角对边尺寸4.6,588-000712,600,0,1,个
849-000023,2,,2026-08-05T00:00:00+08:00,4,False,0,,M3X8+4单头六角铜柱，六角对边尺寸4.6,588-000712,0,0,0,
588-000620,1,,2026-08-05T00:00:00+08:00,4,False,0,,GPS模块M20_P2_S01_PCBA,588-000712,1,0,1,个
539-000631,28,,2026-08-05T00:00:00+08:00,4,False,0,,贴片电阻,588-000726,0,0,0,
321-000556,1,,2026-08-05T00:00:00+08:00,4,False,0,,YN403_Mainboard_P2_PCB,588-000726,0,0,0,
972-000746,1,,2026-08-05T00:00:00+08:00,4,False,0,,CPU,588-000726,0,0,0,
972-000745,1,,2026-08-05T00:00:00+08:00,4,False,0,,LPDDR4,588-000726,2812,0,2,个
972-000744,1,,2026-08-05T00:00:00+08:00,4,False,0,,PMIC,588-000726,0,0,0,
733-000121,2,,2026-08-05T00:00:00+08:00,4,False,0,,贴片共模电感,588-000726,20181,0,1,个
554-000036,2,,2026-08-05T00:00:00+08:00,4,False,0,,异步降压转换器,588-000726,19685,0,3,个
554-000069,1,,2026-08-05T00:00:00+08:00,4,False,0,,线性稳压器,588-000726,2955,0,1,个
972-000273,2,,2026-08-05T00:00:00+08:00,4,False,0,,DC-DC电源芯片,588-000726,3000,0,1,个
972-000338,3,,2026-08-05T00:00:00+08:00,4,False,0,,LDO,588-000726,24833,0,4,个
972-000418,2,,2026-08-05T00:00:00+08:00,4,False,0,,BOOST芯片,588-000726,5096,0,1,个
972-000587,2,,2026-08-05T00:00:00+08:00,4,False,0,,负载开关,588-000726,0,0,0,
972-000333,2,,2026-08-05T00:00:00+08:00,4,False,0,,限流负载开关,588-000726,18000,0,3,个
972-000196,1,,2026-08-05T00:00:00+08:00,4,False,0,,视频解码器,588-000726,12000,0,2,个
972-000743,1,,2026-08-05T00:00:00+08:00,4,False,0,,LED驱动,588-000726,0,0,0,
972-000536,1,,2026-08-05T00:00:00+08:00,4,False,0,,MCU,588-000726,13500,0,1,个
972-000448,2,,2026-08-05T00:00:00+08:00,4,False,0,,MCU电源监控芯片,588-000726,4590,0,1,个
972-000270,1,,2026-08-05T00:00:00+08:00,4,False,0,,音频功放,588-000726,4000,0,1,个
972-000610,2,,2026-08-05T00:00:00+08:00,4,False,0,,CAN收发器,588-000726,16998,0,2,个
972-000432,1,,2026-08-05T00:00:00+08:00,4,False,0,,逻辑芯片,588-000726,8985,0,2,个
972-000323,1,,2026-08-05T00:00:00+08:00,4,False,0,,SS232收发器,588-000726,20000,0,1,个
972-000085,1,,2026-08-05T00:00:00+08:00,4,False,0,,WIFI+蓝牙模块,588-000726,0,0,0,
972-000303,1,,2026-08-05T00:00:00+08:00,4,False,0,,随机存储器,588-000726,5000,0,2,个
972-000770,1,,2026-08-05T00:00:00+08:00,4,False,0,,DCDC转换器,588-000726,6000,0,2,个
972-000741,1,,2026-08-05T00:00:00+08:00,4,False,0,,电压监控IC,588-000726,6000,0,2,个
527-000036,1,,2026-08-05T00:00:00+08:00,4,False,0,,贴片无源晶振,588-000726,14112,0,3,个
527-000038,1,,2026-08-05T00:00:00+08:00,4,False,0,,贴片无源晶振,588-000726,15000,0,1,个
725-000342,2,,2026-08-05T00:00:00+08:00,4,False,0,,法拉电容,588-000726,12676,0,1,个
356-000081,1,,2026-08-05T00:00:00+08:00,4,False,0,,IPEX天线座,588-000726,10153,0,2,个
356-000200,1,,2026-08-05T00:00:00+08:00,4,False,0,,40pin卧贴抽屉式FPC连接器,588-000726,11995,0,2,个
725-000174,7,,2026-08-05T00:00:00+08:00,4,False,0,,贴片陶瓷电容,588-000726,38000,0,1,个
725-000167,4,,2026-08-05T00:00:00+08:00,4,False,0,,贴片陶瓷电容,588-000726,92016,0,1,个
725-000041,18,,2026-08-05T00:00:00+08:00,4,False,0,,贴片陶瓷电容,588-000726,530000,0,1,个
725-000118,4,,2026-08-05T00:00:00+08:00,4,False,0,,贴片陶瓷电容,588-000726,11567,0,4,个
725-000033,33,,2026-08-05T00:00:00+08:00,4,False,0,,贴片陶瓷电容,588-000726,19550,0,2,个
725-000089,41,,2026-08-05T00:00:00+08:00,4,False,0,,贴片陶瓷电容,588-000726,153909,0,3,个
725-000015,1,,2026-08-05T00:00:00+08:00,4,False,0,,贴片陶瓷电容,588-000726,168000,0,8,个
725-000104,13,,2026-08-05T00:00:00+08:00,4,False,0,,贴片陶瓷电容,588-000726,42038,0,2,个
725-000019,5,,2026-08-05T00:00:00+08:00,4,False,0,,贴片陶瓷电容,588-000726,22667,0,3,个
725-000048,8,,2026-08-05T00:00:00+08:00,4,False,0,,贴片陶瓷电容,588-000726,73850,0,3,个
725-000083,2,,2026-08-05T00:00:00+08:00,4,False,0,,贴片陶瓷电容,588-000726,0,0,0,
725-000046,5,,2026-08-05T00:00:00+08:00,4,False,0,,贴片陶瓷电容,588-000726,58000,0,3,个
725-000101,6,,2026-08-05T00:00:00+08:00,4,False,0,,贴片陶瓷电容,588-000726,19650,0,2,个
725-000170,3,,2026-08-05T00:00:00+08:00,4,False,0,,贴片陶瓷电容,588-000726,44000,0,1,个
725-000007,2,,2026-08-05T00:00:00+08:00,4,False,0,,贴片陶瓷电容,588-000726,20000,0,2,个
725-000129,1,,2026-08-05T00:00:00+08:00,4,False,0,,贴片陶瓷电容,588-000726,40000,0,2,个
725-000242,79,,2026-08-05T00:00:00+08:00,4,False,0,,贴片陶瓷电容,588-000726,40200,0,1,个
725-000249,5,,2026-08-05T00:00:00+08:00,4,False,0,,贴片陶瓷电容,588-000726,0,0,0,
725-000448,8,,2026-08-05T00:00:00+08:00,4,False,0,,贴片陶瓷电容,588-000726,19700,0,1,个
725-000069,7,,2026-08-05T00:00:00+08:00,4,False,0,,贴片陶瓷电容,588-000726,356000,0,3,个
454-000206,3,,2026-08-05T00:00:00+08:00,4,False,0,,稳压二极管,588-000726,36000,0,1,个
454-000009,2,,2026-08-05T00:00:00+08:00,4,False,0,,肖特基二极管,588-000726,8062,0,4,个
454-000256,1,,2026-08-05T00:00:00+08:00,4,False,0,,TVS二极管,588-000726,20100,0,3,个
454-000187,2,,2026-08-05T00:00:00+08:00,4,False,0,,肖特基二极管,588-000726,23676,0,3,个
454-000181,4,,2026-08-05T00:00:00+08:00,4,False,0,,贴片开关二极管,588-000726,116449,0,6,个
454-000258,18,,2026-08-05T00:00:00+08:00,4,False,0,,ESD二极管,588-000726,108608,0,6,个
454-000050,2,,2026-08-05T00:00:00+08:00,4,False,0,,ESD二极管,588-000726,67706,0,3,个
690-000012,4,,2026-08-05T00:00:00+08:00,4,False,0,,贴片发光二极管,588-000726,119987,0,3,个
454-000068,1,,2026-08-05T00:00:00+08:00,4,False,0,,TVS二极管,588-000726,160076,0,3,个
733-000154,11,,2026-08-05T00:00:00+08:00,4,False,0,,贴片磁珠,588-000726,16000,0,2,个
733-000084,3,,2026-08-05T00:00:00+08:00,4,False,0,,贴片磁珠,588-000726,123364,0,4,个
356-000491,1,,2026-08-05T00:00:00+08:00,4,False,0,,M12防水8P-B款板端公头-26L,588-000726,0,0,0,
356-000490,1,,2026-08-05T00:00:00+08:00,4,False,0,,M12防水5P-A款板端公头-26L,588-000726,0,0,0,
356-000557,1,,2026-08-05T00:00:00+08:00,4,False,0,,M12防水6P-A款板端公头-26L,588-000726,0,0,0,
454-000322,1,,2026-08-05T00:00:00+08:00,4,False,0,,肖特基二极管,588-000726,96000,0,2,个
356-000251,1,,2026-08-05T00:00:00+08:00,4,False,0,,白色贴片插座母座,588-000726,4000,0,1,个
356-000559,1,,2026-08-05T00:00:00+08:00,4,False,0,,双排排母 立贴 2.0Pitch 2X5pin,588-000726,0,0,0,
356-000561,1,,2026-08-05T00:00:00+08:00,4,False,0,,双排排母 立贴 2.0Pitch 2X4pin,588-000726,0,0,0,
356-000563,1,,2026-08-05T00:00:00+08:00,4,False,0,,双排排母 立贴 2.0Pitch 2X7pin,588-000726,1000,0,1,个
849-000215,1,,2026-08-05T00:00:00+08:00,4,False,0,,1.37线径射频线夹,588-000726,0,0,0,
733-000100,2,,2026-08-05T00:00:00+08:00,4,False,0,,贴片功率电感,588-000726,34513,0,5,个
733-000023,1,,2026-08-05T00:00:00+08:00,4,False,0,,绕线贴片功率电感,588-000726,1500,0,1,个
733-000082,5,,2026-08-05T00:00:00+08:00,4,False,0,,功率电感,588-000726,10000,0,1,个
733-000130,2,,2026-08-05T00:00:00+08:00,4,False,0,,贴片功率电感,588-000726,2824,0,1,个
733-000039,2,,2026-08-05T00:00:00+08:00,4,False,0,,绕线贴片功率电感,588-000726,12000,0,2,个
733-000038,2,,2026-08-05T00:00:00+08:00,4,False,0,,绕线贴片功率电感,588-000726,12293,0,3,个
733-000043,1,,2026-08-05T00:00:00+08:00,4,False,0,,绕线贴片功率电感,588-000726,0,0,0,
849-000929,4,,2026-08-05T00:00:00+08:00,4,False,0,,贴片螺母,588-000726,0,0,0,
849-000928,3,,2026-08-05T00:00:00+08:00,4,False,0,,贴片螺母,588-000726,8378,0,1,个
849-000011,4,,2026-08-05T00:00:00+08:00,4,False,0,,贴片螺母,588-000726,1045,0,2,个
358-000166,3,,2026-08-05T00:00:00+08:00,4,False,0,,贴片PMOS管,588-000726,8940,0,2,个
358-000180,2,,2026-08-05T00:00:00+08:00,4,False,0,,MOSFET,588-000726,14812,0,4,个
539-000124,1,,2026-08-05T00:00:00+08:00,4,False,0,,贴片电阻,588-000726,75000,0,3,个
539-000046,1,,2026-08-05T00:00:00+08:00,4,False,0,,贴片电阻,588-000726,111065,0,2,个
539-000374,2,,2026-08-05T00:00:00+08:00,4,False,0,,贴片电阻,588-000726,260000,0,10,个
539-000237,2,,2026-08-05T00:00:00+08:00,4,False,0,,贴片电阻,588-000726,100000,0,1,个
539-000382,1,,2026-08-05T00:00:00+08:00,4,False,0,,贴片电阻,588-000726,49056,0,2,个
539-000147,4,,2026-08-05T00:00:00+08:00,4,False,0,,贴片电阻,588-000726,178381,0,4,个
539-000082,2,,2026-08-05T00:00:00+08:00,4,False,0,,贴片电阻,588-000726,99999,0,3,个
539-000075,2,,2026-08-05T00:00:00+08:00,4,False,0,,贴片电阻,588-000726,90060,0,1,个
539-000318,1,,2026-08-05T00:00:00+08:00,4,False,0,,贴片电阻,588-000726,9996,0,1,个
539-000162,4,,2026-08-05T00:00:00+08:00,4,False,0,,贴片电阻,588-000726,140000,0,2,个
539-000015,1,,2026-08-05T00:00:00+08:00,4,False,0,,贴片电阻,588-000726,20000,0,1,个
539-000031,8,,2026-08-05T00:00:00+08:00,4,False,0,,贴片电阻,588-000726,134234,0,3,个
539-000249,1,,2026-08-05T00:00:00+08:00,4,False,0,,贴片电阻,588-000726,10000,0,1,个
539-000042,1,,2026-08-05T00:00:00+08:00,4,False,0,,贴片电阻,588-000726,40190,0,2,个
539-000287,1,,2026-08-05T00:00:00+08:00,4,False,0,,贴片电阻,588-000726,9999,0,1,个
539-000014,1,,2026-08-05T00:00:00+08:00,4,False,0,,贴片电阻,588-000726,76904,0,1,个
539-000048,1,,2026-08-05T00:00:00+08:00,4,False,0,,贴片电阻,588-000726,20000,0,1,个
539-000002,54,,2026-08-05T00:00:00+08:00,4,False,0,,贴片电阻,588-000726,281246,0,4,个
539-000264,1,,2026-08-05T00:00:00+08:00,4,False,0,,贴片电阻,588-000726,33246,0,3,个
539-000006,10,,2026-08-05T00:00:00+08:00,4,False,0,,贴片电阻,588-000726,155903,0,2,个
539-000045,1,,2026-08-05T00:00:00+08:00,4,False,0,,贴片电阻,588-000726,50029,0,1,个
539-000050,1,,2026-08-05T00:00:00+08:00,4,False,0,,贴片电阻,588-000726,30060,0,2,个
539-000073,1,,2026-08-05T00:00:00+08:00,4,False,0,,贴片电阻,588-000726,40818,0,4,个
539-000018,4,,2026-08-05T00:00:00+08:00,4,False,0,,贴片电阻,588-000726,94254,0,3,个
539-000070,2,,2026-08-05T00:00:00+08:00,4,False,0,,贴片电阻,588-000726,90000,0,1,个
539-000171,1,,2026-08-05T00:00:00+08:00,4,False,0,,贴片电阻,588-000726,19900,0,2,个
539-000159,4,,2026-08-05T00:00:00+08:00,4,False,0,,贴片电阻,588-000726,21771,0,2,个
539-000248,2,,2026-08-05T00:00:00+08:00,4,False,0,,贴片电阻,588-000726,19152,0,2,个
539-000241,2,,2026-08-05T00:00:00+08:00,4,False,0,,贴片电阻,588-000726,20250,0,2,个
539-000094,2,,2026-08-05T00:00:00+08:00,4,False,0,,贴片电阻,588-000726,47829,0,2,个
539-000099,2,,2026-08-05T00:00:00+08:00,4,False,0,,贴片电阻,588-000726,0,0,0,
539-000037,1,,2026-08-05T00:00:00+08:00,4,False,0,,贴片电阻,588-000726,14087,0,2,个
539-000103,11,,2026-08-05T00:00:00+08:00,4,False,0,,贴片电阻,588-000726,150000,0,4,个
539-000027,2,,2026-08-05T00:00:00+08:00,4,False,0,,贴片电阻,588-000726,130437,0,2,个
539-000251,1,,2026-08-05T00:00:00+08:00,4,False,0,,贴片电阻,588-000726,5000,0,1,个
539-000110,2,,2026-08-05T00:00:00+08:00,4,False,0,,贴片电阻,588-000726,395000,0,7,个
539-000100,2,,2026-08-05T00:00:00+08:00,4,False,0,,贴片电阻,588-000726,133845,0,3,个
539-000138,11,,2026-08-05T00:00:00+08:00,4,False,0,,贴片电阻,588-000726,29740,0,3,个
539-000326,4,,2026-08-05T00:00:00+08:00,4,False,0,,贴片电阻,588-000726,0,0,0,
539-000120,4,,2026-08-05T00:00:00+08:00,4,False,0,,贴片电阻,588-000726,64951,0,5,个
539-000244,1,,2026-08-05T00:00:00+08:00,4,False,0,,贴片电阻,588-000726,21059,0,2,个
364-000050,9,,2026-08-05T00:00:00+08:00,4,False,0,,贴片可恢复保险丝,588-000726,35885,0,1,个
539-000300,2,,2026-08-05T00:00:00+08:00,4,False,0,,贴片电阻,588-000726,31671,0,3,个
539-000276,2,,2026-08-05T00:00:00+08:00,4,False,0,,贴片电阻,588-000726,24944,0,2,个
539-000026,2,,2026-08-05T00:00:00+08:00,4,False,0,,贴片电阻,588-000726,80817,0,4,个
539-000515,1,,2026-08-05T00:00:00+08:00,4,False,0,,贴片电阻,588-000726,20000,0,2,个
539-000063,2,,2026-08-05T00:00:00+08:00,4,False,0,,贴片电阻,588-000726,86000,0,1,个
539-000114,1,,2026-08-05T00:00:00+08:00,4,False,0,,贴片电阻,588-000726,45000,0,5,个
539-000386,2,,2026-08-05T00:00:00+08:00,4,False,0,,贴片电阻,588-000726,25000,0,1,个
895-000088,1,,2026-08-05T00:00:00+08:00,4,False,0,,轻触开关,588-000726,0,0,0,
795-000884,2,,2026-08-05T00:00:00+08:00,4,False,0,,YN403主板CPU屏蔽罩,588-000726,1885,0,1,个
795-000885,2,,2026-08-05T00:00:00+08:00,4,False,0,,YN403主板CPU屏蔽罩支架,588-000726,1730,0,1,个
795-000886,1,,2026-08-05T00:00:00+08:00,4,False,0,,YN403主板电源屏蔽罩,588-000726,2300,0,1,个
795-000887,1,,2026-08-05T00:00:00+08:00,4,False,0,,YN403主板电源屏蔽罩支架,588-000726,2300,0,1,个
849-000942,4,,2026-08-05T00:00:00+08:00,4,False,0,,M3X9+4单头六角铜柱，六角对边尺寸4.6,588-000726,0,0,0,
849-000943,4,,2026-08-05T00:00:00+08:00,4,False,0,,M3*6十字薄头螺丝,588-000726,17514,0,1,个
588-000653,1,,2026-08-05T00:00:00+08:00,4,False,0,,YN403_USB&SIM_P1_PCBA,588-000726,0,0,0,
356-000560,1,,2026-08-05T00:00:00+08:00,4,False,0,,双排排针 DIP 2.0Pitch 2X4pin,588-000654,0,0,0,
321-000502,1,,2026-08-05T00:00:00+08:00,4,False,0,,YN403_KEYBOARD_P0_PCB,588-000654,0,0,0,
690-000047,10,,2026-08-05T00:00:00+08:00,4,False,0,,贴片发光二极管,588-000654,18854,0,3,个
539-000110,10,,2026-08-05T00:00:00+08:00,4,False,0,,贴片电阻,588-000654,395000,0,7,个
321-000503,1,,2026-08-05T00:00:00+08:00,4,False,0,,YN403_4GBOARD_P0_PCB,588-000655,0,0,0,
356-000081,1,,2026-08-05T00:00:00+08:00,4,False,0,,IPEX天线座,588-000655,10153,0,2,个
725-000089,2,,2026-08-05T00:00:00+08:00,4,False,0,,贴片陶瓷电容,588-000655,153909,0,3,个
725-000041,4,,2026-08-05T00:00:00+08:00,4,False,0,,贴片陶瓷电容,588-000655,530000,0,1,个
725-000088,1,,2026-08-05T00:00:00+08:00,4,False,0,,贴片陶瓷电容,588-000655,116000,0,2,个
725-000019,6,,2026-08-05T00:00:00+08:00,4,False,0,,贴片陶瓷电容,588-000655,22667,0,3,个
725-000033,1,,2026-08-05T00:00:00+08:00,4,False,0,,贴片陶瓷电容,588-000655,19550,0,2,个
454-000258,11,,2026-08-05T00:00:00+08:00,4,False,0,,ESD二极管,588-000655,108608,0,6,个
733-000084,3,,2026-08-05T00:00:00+08:00,4,False,0,,贴片磁珠,588-000655,123364,0,4,个
849-000215,2,,2026-08-05T00:00:00+08:00,4,False,0,,1.37线径射频线夹,588-000655,0,0,0,
733-000236,1,,2026-08-05T00:00:00+08:00,4,False,0,,贴片功率电感,588-000655,2000,0,1,个
358-000166,1,,2026-08-05T00:00:00+08:00,4,False,0,,贴片PMOS管,588-000655,8940,0,2,个
539-000026,1,,2026-08-05T00:00:00+08:00,4,False,0,,贴片电阻,588-000655,80817,0,4,个
539-000043,1,,2026-08-05T00:00:00+08:00,4,False,0,,贴片电阻,588-000655,19690,0,2,个
539-000162,2,,2026-08-05T00:00:00+08:00,4,False,0,,贴片电阻,588-000655,140000,0,2,个
539-000002,6,,2026-08-05T00:00:00+08:00,4,False,0,,贴片电阻,588-000655,281246,0,4,个
539-000006,1,,2026-08-05T00:00:00+08:00,4,False,0,,贴片电阻,588-000655,155903,0,2,个
356-000562,1,,2026-08-05T00:00:00+08:00,4,False,0,,双排排针 DIP 2.0Pitch 2X7pin,588-000655,0,0,0,
165-002371,1,,2026-08-05T00:00:00+08:00,4,False,0,,YN403_前壳,791-000012,119,0,5,个
321-000498,1,,2026-08-05T00:00:00+08:00,5,False,0,,YS210_自研IMU模块_P1_PCB,588-000649,0,0,0,
795-000863,1,,2026-08-05T00:00:00+08:00,5,False,0,,408IMU自研屏蔽罩V2,588-000649,550,0,2,个
725-000242,13,,2026-08-05T00:00:00+08:00,5,False,0,,贴片陶瓷电容,588-000649,40200,0,1,个
725-000415,2,,2026-08-05T00:00:00+08:00,5,False,0,,贴片陶瓷电容,588-000649,29750,0,2,个
725-000431,3,,2026-08-05T00:00:00+08:00,5,False,0,,贴片陶瓷电容,588-000649,10000,0,1,个
725-000432,1,,2026-08-05T00:00:00+08:00,5,False,0,,贴片陶瓷电容,588-000649,15000,0,1,个
725-000433,2,,2026-08-05T00:00:00+08:00,5,False,0,,贴片陶瓷电容,588-000649,15000,0,1,个
725-000434,1,,2026-08-05T00:00:00+08:00,5,False,0,,贴片陶瓷电容,588-000649,0,0,0,
539-000379,7,,2026-08-05T00:00:00+08:00,5,False,0,,贴片电阻,588-000649,10000,0,1,个
539-000310,26,,2026-08-05T00:00:00+08:00,5,False,0,,贴片电阻,588-000649,20000,0,1,个
539-000589,1,,2026-08-05T00:00:00+08:00,5,False,0,,贴片电阻,588-000649,20000,0,2,个
539-000544,2,,2026-08-05T00:00:00+08:00,5,False,0,,贴片电阻,588-000649,0,0,0,
972-000264,1,,2026-08-05T00:00:00+08:00,5,False,0,,IMU,588-000649,0,0,0,
972-000688,1,,2026-08-05T00:00:00+08:00,5,False,0,,IMU,588-000649,230,0,1,个
972-000689,1,,2026-08-05T00:00:00+08:00,5,False,0,,MCU,588-000649,12019,0,3,个
972-000159,1,,2026-08-05T00:00:00+08:00,5,False,0,,贴片IMU,588-000649,5000,0,2,个
527-000053,1,,2026-08-05T00:00:00+08:00,5,False,0,,贴片无源晶振,588-000649,6001,0,2,个
539-000245,1,,2026-08-05T00:00:00+08:00,5,False,0,,贴片电阻,588-000620,20000,0,2,个
972-000712,1,,2026-08-05T00:00:00+08:00,5,False,0,,GPS模块,588-000620,295,0,2,个
321-000476,1,,2026-08-05T00:00:00+08:00,5,False,0,,GPS模块M20_P2_PCB,588-000620,0,0,0,
725-000004,1,,2026-08-05T00:00:00+08:00,5,False,0,,贴片陶瓷电容,588-000620,20000,0,2,个
725-000088,1,,2026-08-05T00:00:00+08:00,5,False,0,,贴片陶瓷电容,588-000620,116000,0,2,个
539-000001,6,,2026-08-05T00:00:00+08:00,5,False,0,,贴片电阻,588-000620,286734,0,5,个
539-000003,4,,2026-08-05T00:00:00+08:00,5,False,0,,贴片电阻,588-000620,181785,0,2,个
539-000005,3,,2026-08-05T00:00:00+08:00,5,False,0,,贴片电阻,588-000620,103388,0,2,个
539-000018,2,,2026-08-05T00:00:00+08:00,5,False,0,,贴片电阻,588-000620,94254,0,3,个
690-000012,1,,2026-08-05T00:00:00+08:00,5,False,0,,贴片发光二极管,588-000620,119987,0,3,个
690-000005,1,,2026-08-05T00:00:00+08:00,5,False,0,,贴片发光二极管,588-000620,6675,0,2,个
454-000004,7,,2026-08-05T00:00:00+08:00,5,False,0,,ESD静电保护管,588-000620,0,0,0,
364-000046,1,,2026-08-05T00:00:00+08:00,5,False,0,,贴片自恢复保险丝,588-000620,10000,0,2,个
733-000199,1,,2026-08-05T00:00:00+08:00,5,False,0,,贴片功率电感,588-000620,20000,0,2,个
972-000587,1,,2026-08-05T00:00:00+08:00,5,False,0,,负载开关,588-000620,0,0,0,
356-000558,1,,2026-08-05T00:00:00+08:00,5,False,0,,双排排针 DIP 2.0Pitch 2X5pin,588-000653,0,0,0,
321-000501,1,,2026-08-05T00:00:00+08:00,5,False,0,,YN403_USB&SIM_P1_PCB,588-000653,0,0,0,
356-000389,1,,2026-08-05T00:00:00+08:00,5,False,0,,沉板前插后贴式短款USB 2.0母座,588-000653,0,0,0,
454-000258,6,,2026-08-05T00:00:00+08:00,5,False,0,,ESD二极管,588-000653,108608,0,6,个
356-000382,1,,2026-08-05T00:00:00+08:00,5,False,0,,Push-Push Nano SIM 卡座,588-000653,0,0,0,
539-000026,3,,2026-08-05T00:00:00+08:00,5,False,0,,贴片电阻,588-000653,80817,0,4,个
