standard_usage,material_code,alt_group_no,parent_material_code,alt_priority,alt_method,is_substitute,bom_version,bom_level,material_name,available_qty,reserved_qty,stock_rows,inventory_uom
1,791-000013,,382-000005,0,,False,2026-08-05T00:00:00+08:00,1,YN406预组装包(拖拉机),1000,0,1,个
1,606-000989,,382-000005,0,,False,2026-08-05T00:00:00+08:00,1,YN406 包装外箱_V2,344,0,2,个
1,606-000990,,382-000005,0,,False,2026-08-05T00:00:00+08:00,1,YN406 珍珠棉内托_V2,400,0,3,个
1,528-000036,,382-000005,0,,False,2026-08-05T00:00:00+08:00,1,YS221A接收机组件_国内,34,0,1,个
1,791-000007,,382-000005,0,,False,2026-08-05T00:00:00+08:00,1,YN406B方向盘组件（拖拉机）,0,0,0,
1,994-000550,,382-000005,0,,False,2026-08-05T00:00:00+08:00,1,406电源+电机+接收机连接线,1875,0,8,个
1,468-000493,,382-000005,0,,False,2026-08-05T00:00:00+08:00,1,YN406说明书（中文）,1867,0,1,个
1,468-000530,,382-000005,0,,False,2026-08-05T00:00:00+08:00,1,导航车贴(60*15cm),1500,0,1,个
1,791-000015,,382-000005,0,,False,2026-08-05T00:00:00+08:00,1,YN403显示终端整机_预装组件_拖拉机,0,0,0,
1,795-000993,,791-000013,0,,False,2026-08-05T00:00:00+08:00,2,IMU、蘑菇头、显示终端安装附件包(30长),2000,0,1,包
1,606-000852,,791-000013,0,,False,2026-08-05T00:00:00+08:00,2,I406 预组装外箱,600,0,1,个
1,606-000853,,791-000013,0,,False,2026-08-05T00:00:00+08:00,2,I406 预组装珍珠棉内托,590,0,1,个
1,795-000130,,791-000013,0,,False,2026-08-05T00:00:00+08:00,2,显示终端安装附件包,1124,0,2,个
1,795-000728,,791-000013,0,,False,2026-08-05T00:00:00+08:00,2,终端RAM支架U型底座安装附件包,2950,0,2,个
1,795-000302,,791-000013,0,,False,2026-08-05T00:00:00+08:00,2,电机安装附件包,2374,0,1,个
1,165-000257,,791-000013,0,,False,2026-08-05T00:00:00+08:00,2,1号电机支架底板圆柱（L=100mm）,1409,0,3,个
1,795-000865,,791-000013,0,,False,2026-08-05T00:00:00+08:00,2,电机1号安装支架附件包,2867,0,2,个
10,795-000133,,791-000013,0,,False,2026-08-05T00:00:00+08:00,2,线束安装附件包,26297,0,3,个
1,606-000012,,791-000013,0,,False,2026-08-05T00:00:00+08:00,2,4号自封袋,19500,0,1,个
1,528-000031,,528-000036,0,,False,2026-08-05T00:00:00+08:00,2,YS221A接收机整机_国内版_整机,391,0,1,个
4,849-001021,,528-000036,0,,False,2026-08-05T00:00:00+08:00,2,M6X16不锈钢外六角三组合螺丝_半耐落,8843,0,2,个
6,849-000288,,791-000007,0,,False,2026-08-05T00:00:00+08:00,2,M4*22_不锈钢杯头内六角滚花机牙螺丝_整圈耐落,161549,0,9,个
1,791-000003,,791-000015,0,,False,2026-08-05T00:00:00+08:00,2,YN403（406）整机,445,0,4,个
1,165-000120,,791-000015,0,,False,2026-08-05T00:00:00+08:00,2,308终端RAM支架,1712,0,1,个
4,849-000987,,791-000015,0,,False,2026-08-05T00:00:00+08:00,2,M5*22_不锈钢内六角机牙螺丝_整圈耐落,19826,0,5,个
1,588-000712,,528-000031,0,,False,2026-08-05T00:00:00+08:00,3,YS221_P0_(四信+M2-BD)S01_PCBA,894,0,5,个
1,838-000403,,528-000031,0,,False,2026-08-05T00:00:00+08:00,3,YS221-TNC转IPEX连接线,740,0,1,个
1,165-002644,,528-000031,0,,False,2026-08-05T00:00:00+08:00,3,YS221接收机上壳,857,0,1,个
1,165-002702,,528-000031,0,,False,2026-08-05T00:00:00+08:00,3,YS221接收机下壳(P+R),870,0,3,个
1,165-002646,,528-000031,0,,False,2026-08-05T00:00:00+08:00,3,YS221接收机防水硅胶件,859,0,1,个
1,994-000606,,528-000031,0,,False,2026-08-05T00:00:00+08:00,3,YS221_M16-12P信号转接线,650,0,1,个
1,165-002708,,528-000031,0,,False,2026-08-05T00:00:00+08:00,3,TNC防尘堵头,2359,0,2,个
1,165-000722,,528-000031,0,,False,2026-08-05T00:00:00+08:00,3,YN501_M16连接器防水胶套,5404,0,3,个
1,165-002647,,528-000031,0,,False,2026-08-05T00:00:00+08:00,3,GPS散热硅胶垫,1660,0,2,个
1,849-000382,,528-000031,0,,False,2026-08-05T00:00:00+08:00,3,M16*E19*L2.8六角螺母,14703,0,3,个
1,849-000717,,528-000031,0,,False,2026-08-05T00:00:00+08:00,3,812 M5防水透气阀,3087,0,3,个
9,849-000204,,528-000031,0,,False,2026-08-05T00:00:00+08:00,3,M3*10不锈钢耐落机制螺丝,53184,0,2,个
12,849-000700,,528-000031,0,,False,2026-08-05T00:00:00+08:00,3,M3*6-不锈钢十字圆头机牙螺丝_半耐落,116123,0,3,个
1,468-000565,,528-000031,0,,False,2026-08-05T00:00:00+08:00,3,YS221固定标签(国内),1312,0,1,个
1,588-000726,,791-000003,0,,False,2026-08-05T00:00:00+08:00,3,YN403_MAINBOARD_P2_PCBA,1034,0,7,个
1,588-000654,,791-000003,0,,False,2026-08-05T00:00:00+08:00,3,YN403_KEYBOARD_P0_PCBA,1044,0,2,个
1,588-000655,,791-000003,0,,False,2026-08-05T00:00:00+08:00,3,YN403_4GBOARD_P0_PCBA,1034,0,6,个
1,165-002372,,791-000003,0,,False,2026-08-05T00:00:00+08:00,3,YN403_后壳,1046,0,3,个
1,165-002375,,791-000003,0,,False,2026-08-05T00:00:00+08:00,3,YN403_SIM卡盖板,1246,0,2,个
1,165-002376,,791-000003,0,,False,2026-08-05T00:00:00+08:00,3,YN403_防水硅胶圈,1566,0,1,个
1,165-002377,,791-000003,0,,False,2026-08-05T00:00:00+08:00,3,YN403_USB防水密封圈,1246,0,2,个
1,165-002378,,791-000003,0,,False,2026-08-05T00:00:00+08:00,3,YN403_SIM卡防水密封圈,3946,0,1,个
3,849-000846,,791-000003,0,,False,2026-08-05T00:00:00+08:00,3,M2.5*6-不锈钢十字圆头机牙螺丝_半耐落,138907,0,3,个
1,182-000055,,791-000003,0,,False,2026-08-05T00:00:00+08:00,3,一卡三通NaNo物联卡（腾讯薄款）,6393,0,1,张
1,838-000375,,791-000003,0,,False,2026-08-05T00:00:00+08:00,3,YN406-4G天线,1037,0,1,个
1,838-000376,,791-000003,0,,False,2026-08-05T00:00:00+08:00,3,YN406-WIFI天线,1039,0,1,个
1,165-002405,,791-000003,0,,False,2026-08-05T00:00:00+08:00,3,YN403_导电泡棉3,12791,0,2,个
2,165-002408,,791-000003,0,,False,2026-08-05T00:00:00+08:00,3,YN403_导电泡棉6,3292,0,1,个
1,791-000012,,791-000003,0,,False,2026-08-05T00:00:00+08:00,3,YN403_前壳预装组件_不带终端互联,144,0,2,个
3,165-000229,,791-000003,0,,False,2026-08-05T00:00:00+08:00,3,701pro密封圈（摄像头）,12420,0,3,个
1,795-000176,,791-000003,0,,False,2026-08-05T00:00:00+08:00,3,308终端防水透气膜,16708,0,1,个
9,849-000943,,791-000003,0,,False,2026-08-05T00:00:00+08:00,3,M3*6十字薄头螺丝,17514,0,1,个
10,849-000700,,791-000003,0,,False,2026-08-05T00:00:00+08:00,3,M3*6-不锈钢十字圆头机牙螺丝_半耐落,116123,0,3,个
14,849-000204,,791-000003,0,,False,2026-08-05T00:00:00+08:00,3,M3*10不锈钢耐落机制螺丝,53184,0,2,个
4,849-000392,,791-000003,0,,False,2026-08-05T00:00:00+08:00,3,ST2.6*6-镀锌铁十字圆头尖尾自攻螺丝,65052,0,3,个
3,849-000208,,791-000003,0,,False,2026-08-05T00:00:00+08:00,3,M12*E19*L2.5六角螺帽,17644,0,4,个
1,849-000717,,791-000003,0,,False,2026-08-05T00:00:00+08:00,3,812 M5防水透气阀,3087,0,3,个
3,165-000266,,791-000003,0,,False,2026-08-05T00:00:00+08:00,3,701pro摄像头连接器防水胶套,8667,0,4,个
1,725-000176,,588-000712,0,,False,2026-08-05T00:00:00+08:00,4,贴片陶瓷电容,39490,0,1,个
4,725-000357,,588-000712,0,,False,2026-08-05T00:00:00+08:00,4,贴片陶瓷电容,39950,0,3,个
3,725-000179,,588-000712,0,,False,2026-08-05T00:00:00+08:00,4,贴片陶瓷电容,247043,0,6,个
1,725-000320,,588-000712,0,,False,2026-08-05T00:00:00+08:00,4,贴片陶瓷电容,9500,0,1,个
24,725-000226,,588-000712,0,,False,2026-08-05T00:00:00+08:00,4,贴片陶瓷电容,1516029,0,12,个
1,725-000086,,588-000712,0,,False,2026-08-05T00:00:00+08:00,4,贴片陶瓷电容,1280510,0,5,个
10,725-000307,,588-000712,0,,False,2026-08-05T00:00:00+08:00,4,贴片陶瓷电容,44000,0,1,个
2,725-000105,,588-000712,0,,False,2026-08-05T00:00:00+08:00,4,贴片陶瓷电容,0,0,0,
4,539-000022,,588-000712,0,,False,2026-08-05T00:00:00+08:00,4,贴片电阻,58369,0,2,个
3,539-000276,,588-000712,0,,False,2026-08-05T00:00:00+08:00,4,贴片电阻,24944,0,2,个
1,539-000026,,588-000712,0,,False,2026-08-05T00:00:00+08:00,4,贴片电阻,80817,0,4,个
22,539-000002,,588-000712,0,,False,2026-08-05T00:00:00+08:00,4,贴片电阻,281246,0,4,个
2,539-000267,,588-000712,0,,False,2026-08-05T00:00:00+08:00,4,贴片电阻,155240,0,2,个
1,539-000028,,588-000712,0,,False,2026-08-05T00:00:00+08:00,4,贴片电阻,16260,0,2,个
1,539-000106,,588-000712,0,,False,2026-08-05T00:00:00+08:00,4,贴片电阻,74024,0,5,个
1,539-000154,,588-000712,0,,False,2026-08-05T00:00:00+08:00,4,贴片电阻,130018,0,2,个
1,539-000162,,588-000712,0,,False,2026-08-05T00:00:00+08:00,4,贴片电阻,140000,0,2,个
1,539-000005,,588-000712,0,,False,2026-08-05T00:00:00+08:00,4,贴片电阻,103388,0,2,个
1,539-000025,,588-000712,0,,False,2026-08-05T00:00:00+08:00,4,贴片电阻,20000,0,1,个
1,539-000006,,588-000712,0,,False,2026-08-05T00:00:00+08:00,4,贴片电阻,155903,0,2,个
5,539-000008,,588-000712,0,,False,2026-08-05T00:00:00+08:00,4,贴片电阻,210003,0,2,个
1,539-000247,,588-000712,0,,False,2026-08-05T00:00:00+08:00,4,贴片电阻,10000,0,1,个
1,539-000411,,588-000712,0,,False,2026-08-05T00:00:00+08:00,4,贴片电阻,10000,0,1,个
4,539-000045,,588-000712,0,,False,2026-08-05T00:00:00+08:00,4,贴片电阻,50029,0,1,个
2,539-000018,,588-000712,0,,False,2026-08-05T00:00:00+08:00,4,贴片电阻,94254,0,3,个
1,539-000047,,588-000712,0,,False,2026-08-05T00:00:00+08:00,4,贴片电阻,0,0,0,
1,539-000048,,588-000712,0,,False,2026-08-05T00:00:00+08:00,4,贴片电阻,20000,0,1,个
2,539-000271,,588-000712,0,,False,2026-08-05T00:00:00+08:00,4,贴片电阻,10000,0,1,个
1,454-000310,,588-000712,0,,False,2026-08-05T00:00:00+08:00,4,肖特基二极管,6000,0,1,个
1,454-000213,,588-000712,0,,False,2026-08-05T00:00:00+08:00,4,贴片开关二极管,30000,0,1,个
2,454-000347,,588-000712,0,,False,2026-08-05T00:00:00+08:00,4,ESD静电保护管,3000,0,1,个
1,356-000602,,588-000712,0,,False,2026-08-05T00:00:00+08:00,4,12P双排卧插连接器,2000,0,1,个
1,358-000091,,588-000712,0,,False,2026-08-05T00:00:00+08:00,4,NPN三极管,107329,0,2,个
1,454-000319,,588-000712,0,,False,2026-08-05T00:00:00+08:00,4,TVS二极管,0,0,0,
1,733-000121,,588-000712,0,,False,2026-08-05T00:00:00+08:00,4,贴片共模电感,20181,0,1,个
1,733-000129,,588-000712,0,,False,2026-08-05T00:00:00+08:00,4,绕线贴片功率电感,12000,0,1,个
1,733-000130,,588-000712,0,,False,2026-08-05T00:00:00+08:00,4,贴片功率电感,2824,0,1,个
1,972-000475,,588-000712,0,,False,2026-08-05T00:00:00+08:00,4,电源芯片,20999,0,3,个
1,972-000815,,588-000712,0,,False,2026-08-05T00:00:00+08:00,4,DC-DC电源芯片,3000,0,1,个
2,972-000323,,588-000712,0,,False,2026-08-05T00:00:00+08:00,4,SS232收发器,20000,0,1,个
1,972-000528,,588-000712,0,,False,2026-08-05T00:00:00+08:00,4,四信LORA 模组,0,0,0,
1,588-000649,,588-000712,0,,False,2026-08-05T00:00:00+08:00,4,YS210_自研IMU模块_P1_PCBA,0,0,0,
1,972-000610,,588-000712,0,,False,2026-08-05T00:00:00+08:00,4,CAN收发器,16998,0,2,个
1,321-000543,,588-000712,0,,False,2026-08-05T00:00:00+08:00,4,YS221_P0_PCB,0,0,0,
4,849-000011,,588-000712,0,,False,2026-08-05T00:00:00+08:00,4,贴片螺母,1045,0,2,个
2,849-000215,,588-000712,0,,False,2026-08-05T00:00:00+08:00,4,1.37线径射频线夹,0,0,0,
4,849-000700,,588-000712,0,,False,2026-08-05T00:00:00+08:00,4,M3*6-不锈钢十字圆头机牙螺丝_半耐落,116123,0,3,个
2,849-000484,,588-000712,0,,False,2026-08-05T00:00:00+08:00,4,M3X7.5+4单头六角不锈钢螺柱，六角对边尺寸4.6,600,0,1,个
2,849-000023,,588-000712,0,,False,2026-08-05T00:00:00+08:00,4,M3X8+4单头六角铜柱，六角对边尺寸4.6,0,0,0,
1,588-000620,,588-000712,0,,False,2026-08-05T00:00:00+08:00,4,GPS模块M20_P2_S01_PCBA,1,0,1,个
28,539-000631,,588-000726,0,,False,2026-08-05T00:00:00+08:00,4,贴片电阻,0,0,0,
1,321-000556,,588-000726,0,,False,2026-08-05T00:00:00+08:00,4,YN403_Mainboard_P2_PCB,0,0,0,
1,972-000746,,588-000726,0,,False,2026-08-05T00:00:00+08:00,4,CPU,0,0,0,
1,972-000745,,588-000726,0,,False,2026-08-05T00:00:00+08:00,4,LPDDR4,2812,0,2,个
1,972-000744,,588-000726,0,,False,2026-08-05T00:00:00+08:00,4,PMIC,0,0,0,
2,733-000121,,588-000726,0,,False,2026-08-05T00:00:00+08:00,4,贴片共模电感,20181,0,1,个
2,554-000036,,588-000726,0,,False,2026-08-05T00:00:00+08:00,4,异步降压转换器,19685,0,3,个
1,554-000069,,588-000726,0,,False,2026-08-05T00:00:00+08:00,4,线性稳压器,2955,0,1,个
2,972-000273,,588-000726,0,,False,2026-08-05T00:00:00+08:00,4,DC-DC电源芯片,3000,0,1,个
3,972-000338,,588-000726,0,,False,2026-08-05T00:00:00+08:00,4,LDO,24833,0,4,个
2,972-000418,,588-000726,0,,False,2026-08-05T00:00:00+08:00,4,BOOST芯片,5096,0,1,个
2,972-000587,,588-000726,0,,False,2026-08-05T00:00:00+08:00,4,负载开关,0,0,0,
2,972-000333,,588-000726,0,,False,2026-08-05T00:00:00+08:00,4,限流负载开关,18000,0,3,个
1,972-000196,,588-000726,0,,False,2026-08-05T00:00:00+08:00,4,视频解码器,12000,0,2,个
1,972-000743,,588-000726,0,,False,2026-08-05T00:00:00+08:00,4,LED驱动,0,0,0,
1,972-000536,,588-000726,0,,False,2026-08-05T00:00:00+08:00,4,MCU,13500,0,1,个
2,972-000448,,588-000726,0,,False,2026-08-05T00:00:00+08:00,4,MCU电源监控芯片,4590,0,1,个
1,972-000270,,588-000726,0,,False,2026-08-05T00:00:00+08:00,4,音频功放,4000,0,1,个
2,972-000610,,588-000726,0,,False,2026-08-05T00:00:00+08:00,4,CAN收发器,16998,0,2,个
1,972-000432,,588-000726,0,,False,2026-08-05T00:00:00+08:00,4,逻辑芯片,8985,0,2,个
1,972-000323,,588-000726,0,,False,2026-08-05T00:00:00+08:00,4,SS232收发器,20000,0,1,个
1,972-000085,,588-000726,0,,False,2026-08-05T00:00:00+08:00,4,WIFI+蓝牙模块,0,0,0,
1,972-000303,,588-000726,0,,False,2026-08-05T00:00:00+08:00,4,随机存储器,5000,0,2,个
1,972-000770,,588-000726,0,,False,2026-08-05T00:00:00+08:00,4,DCDC转换器,6000,0,2,个
1,972-000741,,588-000726,0,,False,2026-08-05T00:00:00+08:00,4,电压监控IC,6000,0,2,个
1,527-000036,,588-000726,0,,False,2026-08-05T00:00:00+08:00,4,贴片无源晶振,14112,0,3,个
1,527-000038,,588-000726,0,,False,2026-08-05T00:00:00+08:00,4,贴片无源晶振,15000,0,1,个
2,725-000342,,588-000726,0,,False,2026-08-05T00:00:00+08:00,4,法拉电容,12676,0,1,个
1,356-000081,,588-000726,0,,False,2026-08-05T00:00:00+08:00,4,IPEX天线座,10153,0,2,个
1,356-000200,,588-000726,0,,False,2026-08-05T00:00:00+08:00,4,40pin卧贴抽屉式FPC连接器,11995,0,2,个
7,725-000174,,588-000726,0,,False,2026-08-05T00:00:00+08:00,4,贴片陶瓷电容,38000,0,1,个
4,725-000167,,588-000726,0,,False,2026-08-05T00:00:00+08:00,4,贴片陶瓷电容,92016,0,1,个
18,725-000041,,588-000726,0,,False,2026-08-05T00:00:00+08:00,4,贴片陶瓷电容,530000,0,1,个
4,725-000118,,588-000726,0,,False,2026-08-05T00:00:00+08:00,4,贴片陶瓷电容,11567,0,4,个
33,725-000033,,588-000726,0,,False,2026-08-05T00:00:00+08:00,4,贴片陶瓷电容,19550,0,2,个
41,725-000089,,588-000726,0,,False,2026-08-05T00:00:00+08:00,4,贴片陶瓷电容,153909,0,3,个
1,725-000015,,588-000726,0,,False,2026-08-05T00:00:00+08:00,4,贴片陶瓷电容,168000,0,8,个
13,725-000104,,588-000726,0,,False,2026-08-05T00:00:00+08:00,4,贴片陶瓷电容,42038,0,2,个
5,725-000019,,588-000726,0,,False,2026-08-05T00:00:00+08:00,4,贴片陶瓷电容,22667,0,3,个
8,725-000048,,588-000726,0,,False,2026-08-05T00:00:00+08:00,4,贴片陶瓷电容,73850,0,3,个
2,725-000083,,588-000726,0,,False,2026-08-05T00:00:00+08:00,4,贴片陶瓷电容,0,0,0,
5,725-000046,,588-000726,0,,False,2026-08-05T00:00:00+08:00,4,贴片陶瓷电容,58000,0,3,个
6,725-000101,,588-000726,0,,False,2026-08-05T00:00:00+08:00,4,贴片陶瓷电容,19650,0,2,个
3,725-000170,,588-000726,0,,False,2026-08-05T00:00:00+08:00,4,贴片陶瓷电容,44000,0,1,个
2,725-000007,,588-000726,0,,False,2026-08-05T00:00:00+08:00,4,贴片陶瓷电容,20000,0,2,个
1,725-000129,,588-000726,0,,False,2026-08-05T00:00:00+08:00,4,贴片陶瓷电容,40000,0,2,个
79,725-000242,,588-000726,0,,False,2026-08-05T00:00:00+08:00,4,贴片陶瓷电容,40200,0,1,个
5,725-000249,,588-000726,0,,False,2026-08-05T00:00:00+08:00,4,贴片陶瓷电容,0,0,0,
8,725-000448,,588-000726,0,,False,2026-08-05T00:00:00+08:00,4,贴片陶瓷电容,19700,0,1,个
7,725-000069,,588-000726,0,,False,2026-08-05T00:00:00+08:00,4,贴片陶瓷电容,356000,0,3,个
3,454-000206,,588-000726,0,,False,2026-08-05T00:00:00+08:00,4,稳压二极管,36000,0,1,个
2,454-000009,,588-000726,0,,False,2026-08-05T00:00:00+08:00,4,肖特基二极管,8062,0,4,个
1,454-000256,,588-000726,0,,False,2026-08-05T00:00:00+08:00,4,TVS二极管,20100,0,3,个
2,454-000187,,588-000726,0,,False,2026-08-05T00:00:00+08:00,4,肖特基二极管,23676,0,3,个
4,454-000181,,588-000726,0,,False,2026-08-05T00:00:00+08:00,4,贴片开关二极管,116449,0,6,个
18,454-000258,,588-000726,0,,False,2026-08-05T00:00:00+08:00,4,ESD二极管,108608,0,6,个
2,454-000050,,588-000726,0,,False,2026-08-05T00:00:00+08:00,4,ESD二极管,67706,0,3,个
4,690-000012,,588-000726,0,,False,2026-08-05T00:00:00+08:00,4,贴片发光二极管,119987,0,3,个
1,454-000068,,588-000726,0,,False,2026-08-05T00:00:00+08:00,4,TVS二极管,160076,0,3,个
11,733-000154,,588-000726,0,,False,2026-08-05T00:00:00+08:00,4,贴片磁珠,16000,0,2,个
3,733-000084,,588-000726,0,,False,2026-08-05T00:00:00+08:00,4,贴片磁珠,123364,0,4,个
1,356-000491,,588-000726,0,,False,2026-08-05T00:00:00+08:00,4,M12防水8P-B款板端公头-26L,0,0,0,
1,356-000490,,588-000726,0,,False,2026-08-05T00:00:00+08:00,4,M12防水5P-A款板端公头-26L,0,0,0,
1,356-000557,,588-000726,0,,False,2026-08-05T00:00:00+08:00,4,M12防水6P-A款板端公头-26L,0,0,0,
1,454-000322,,588-000726,0,,False,2026-08-05T00:00:00+08:00,4,肖特基二极管,96000,0,2,个
1,356-000251,,588-000726,0,,False,2026-08-05T00:00:00+08:00,4,白色贴片插座母座,4000,0,1,个
1,356-000559,,588-000726,0,,False,2026-08-05T00:00:00+08:00,4,双排排母 立贴 2.0Pitch 2X5pin,0,0,0,
1,356-000561,,588-000726,0,,False,2026-08-05T00:00:00+08:00,4,双排排母 立贴 2.0Pitch 2X4pin,0,0,0,
1,356-000563,,588-000726,0,,False,2026-08-05T00:00:00+08:00,4,双排排母 立贴 2.0Pitch 2X7pin,1000,0,1,个
1,849-000215,,588-000726,0,,False,2026-08-05T00:00:00+08:00,4,1.37线径射频线夹,0,0,0,
2,733-000100,,588-000726,0,,False,2026-08-05T00:00:00+08:00,4,贴片功率电感,34513,0,5,个
1,733-000023,,588-000726,0,,False,2026-08-05T00:00:00+08:00,4,绕线贴片功率电感,1500,0,1,个
5,733-000082,,588-000726,0,,False,2026-08-05T00:00:00+08:00,4,功率电感,10000,0,1,个
2,733-000130,,588-000726,0,,False,2026-08-05T00:00:00+08:00,4,贴片功率电感,2824,0,1,个
2,733-000039,,588-000726,0,,False,2026-08-05T00:00:00+08:00,4,绕线贴片功率电感,12000,0,2,个
2,733-000038,,588-000726,0,,False,2026-08-05T00:00:00+08:00,4,绕线贴片功率电感,12293,0,3,个
1,733-000043,,588-000726,0,,False,2026-08-05T00:00:00+08:00,4,绕线贴片功率电感,0,0,0,
4,849-000929,,588-000726,0,,False,2026-08-05T00:00:00+08:00,4,贴片螺母,0,0,0,
3,849-000928,,588-000726,0,,False,2026-08-05T00:00:00+08:00,4,贴片螺母,8378,0,1,个
4,849-000011,,588-000726,0,,False,2026-08-05T00:00:00+08:00,4,贴片螺母,1045,0,2,个
3,358-000166,,588-000726,0,,False,2026-08-05T00:00:00+08:00,4,贴片PMOS管,8940,0,2,个
2,358-000180,,588-000726,0,,False,2026-08-05T00:00:00+08:00,4,MOSFET,14812,0,4,个
1,539-000124,,588-000726,0,,False,2026-08-05T00:00:00+08:00,4,贴片电阻,75000,0,3,个
1,539-000046,,588-000726,0,,False,2026-08-05T00:00:00+08:00,4,贴片电阻,111065,0,2,个
2,539-000374,,588-000726,0,,False,2026-08-05T00:00:00+08:00,4,贴片电阻,260000,0,10,个
2,539-000237,,588-000726,0,,False,2026-08-05T00:00:00+08:00,4,贴片电阻,100000,0,1,个
1,539-000382,,588-000726,0,,False,2026-08-05T00:00:00+08:00,4,贴片电阻,49056,0,2,个
4,539-000147,,588-000726,0,,False,2026-08-05T00:00:00+08:00,4,贴片电阻,178381,0,4,个
2,539-000082,,588-000726,0,,False,2026-08-05T00:00:00+08:00,4,贴片电阻,99999,0,3,个
2,539-000075,,588-000726,0,,False,2026-08-05T00:00:00+08:00,4,贴片电阻,90060,0,1,个
1,539-000318,,588-000726,0,,False,2026-08-05T00:00:00+08:00,4,贴片电阻,9996,0,1,个
4,539-000162,,588-000726,0,,False,2026-08-05T00:00:00+08:00,4,贴片电阻,140000,0,2,个
1,539-000015,,588-000726,0,,False,2026-08-05T00:00:00+08:00,4,贴片电阻,20000,0,1,个
8,539-000031,,588-000726,0,,False,2026-08-05T00:00:00+08:00,4,贴片电阻,134234,0,3,个
1,539-000249,,588-000726,0,,False,2026-08-05T00:00:00+08:00,4,贴片电阻,10000,0,1,个
1,539-000042,,588-000726,0,,False,2026-08-05T00:00:00+08:00,4,贴片电阻,40190,0,2,个
1,539-000287,,588-000726,0,,False,2026-08-05T00:00:00+08:00,4,贴片电阻,9999,0,1,个
1,539-000014,,588-000726,0,,False,2026-08-05T00:00:00+08:00,4,贴片电阻,76904,0,1,个
1,539-000048,,588-000726,0,,False,2026-08-05T00:00:00+08:00,4,贴片电阻,20000,0,1,个
54,539-000002,,588-000726,0,,False,2026-08-05T00:00:00+08:00,4,贴片电阻,281246,0,4,个
1,539-000264,,588-000726,0,,False,2026-08-05T00:00:00+08:00,4,贴片电阻,33246,0,3,个
10,539-000006,,588-000726,0,,False,2026-08-05T00:00:00+08:00,4,贴片电阻,155903,0,2,个
1,539-000045,,588-000726,0,,False,2026-08-05T00:00:00+08:00,4,贴片电阻,50029,0,1,个
1,539-000050,,588-000726,0,,False,2026-08-05T00:00:00+08:00,4,贴片电阻,30060,0,2,个
1,539-000073,,588-000726,0,,False,2026-08-05T00:00:00+08:00,4,贴片电阻,40818,0,4,个
4,539-000018,,588-000726,0,,False,2026-08-05T00:00:00+08:00,4,贴片电阻,94254,0,3,个
2,539-000070,,588-000726,0,,False,2026-08-05T00:00:00+08:00,4,贴片电阻,90000,0,1,个
1,539-000171,,588-000726,0,,False,2026-08-05T00:00:00+08:00,4,贴片电阻,19900,0,2,个
4,539-000159,,588-000726,0,,False,2026-08-05T00:00:00+08:00,4,贴片电阻,21771,0,2,个
2,539-000248,,588-000726,0,,False,2026-08-05T00:00:00+08:00,4,贴片电阻,19152,0,2,个
2,539-000241,,588-000726,0,,False,2026-08-05T00:00:00+08:00,4,贴片电阻,20250,0,2,个
2,539-000094,,588-000726,0,,False,2026-08-05T00:00:00+08:00,4,贴片电阻,47829,0,2,个
2,539-000099,,588-000726,0,,False,2026-08-05T00:00:00+08:00,4,贴片电阻,0,0,0,
1,539-000037,,588-000726,0,,False,2026-08-05T00:00:00+08:00,4,贴片电阻,14087,0,2,个
11,539-000103,,588-000726,0,,False,2026-08-05T00:00:00+08:00,4,贴片电阻,150000,0,4,个
2,539-000027,,588-000726,0,,False,2026-08-05T00:00:00+08:00,4,贴片电阻,130437,0,2,个
1,539-000251,,588-000726,0,,False,2026-08-05T00:00:00+08:00,4,贴片电阻,5000,0,1,个
2,539-000110,,588-000726,0,,False,2026-08-05T00:00:00+08:00,4,贴片电阻,395000,0,7,个
2,539-000100,,588-000726,0,,False,2026-08-05T00:00:00+08:00,4,贴片电阻,133845,0,3,个
11,539-000138,,588-000726,0,,False,2026-08-05T00:00:00+08:00,4,贴片电阻,29740,0,3,个
4,539-000326,,588-000726,0,,False,2026-08-05T00:00:00+08:00,4,贴片电阻,0,0,0,
4,539-000120,,588-000726,0,,False,2026-08-05T00:00:00+08:00,4,贴片电阻,64951,0,5,个
1,539-000244,,588-000726,0,,False,2026-08-05T00:00:00+08:00,4,贴片电阻,21059,0,2,个
9,364-000050,,588-000726,0,,False,2026-08-05T00:00:00+08:00,4,贴片可恢复保险丝,35885,0,1,个
2,539-000300,,588-000726,0,,False,2026-08-05T00:00:00+08:00,4,贴片电阻,31671,0,3,个
2,539-000276,,588-000726,0,,False,2026-08-05T00:00:00+08:00,4,贴片电阻,24944,0,2,个
2,539-000026,,588-000726,0,,False,2026-08-05T00:00:00+08:00,4,贴片电阻,80817,0,4,个
1,539-000515,,588-000726,0,,False,2026-08-05T00:00:00+08:00,4,贴片电阻,20000,0,2,个
2,539-000063,,588-000726,0,,False,2026-08-05T00:00:00+08:00,4,贴片电阻,86000,0,1,个
1,539-000114,,588-000726,0,,False,2026-08-05T00:00:00+08:00,4,贴片电阻,45000,0,5,个
2,539-000386,,588-000726,0,,False,2026-08-05T00:00:00+08:00,4,贴片电阻,25000,0,1,个
1,895-000088,,588-000726,0,,False,2026-08-05T00:00:00+08:00,4,轻触开关,0,0,0,
2,795-000884,,588-000726,0,,False,2026-08-05T00:00:00+08:00,4,YN403主板CPU屏蔽罩,1885,0,1,个
2,795-000885,,588-000726,0,,False,2026-08-05T00:00:00+08:00,4,YN403主板CPU屏蔽罩支架,1730,0,1,个
1,795-000886,,588-000726,0,,False,2026-08-05T00:00:00+08:00,4,YN403主板电源屏蔽罩,2300,0,1,个
1,795-000887,,588-000726,0,,False,2026-08-05T00:00:00+08:00,4,YN403主板电源屏蔽罩支架,2300,0,1,个
4,849-000942,,588-000726,0,,False,2026-08-05T00:00:00+08:00,4,M3X9+4单头六角铜柱，六角对边尺寸4.6,0,0,0,
4,849-000943,,588-000726,0,,False,2026-08-05T00:00:00+08:00,4,M3*6十字薄头螺丝,17514,0,1,个
1,588-000653,,588-000726,0,,False,2026-08-05T00:00:00+08:00,4,YN403_USB&SIM_P1_PCBA,0,0,0,
1,356-000560,,588-000654,0,,False,2026-08-05T00:00:00+08:00,4,双排排针 DIP 2.0Pitch 2X4pin,0,0,0,
1,321-000502,,588-000654,0,,False,2026-08-05T00:00:00+08:00,4,YN403_KEYBOARD_P0_PCB,0,0,0,
10,690-000047,,588-000654,0,,False,2026-08-05T00:00:00+08:00,4,贴片发光二极管,18854,0,3,个
10,539-000110,,588-000654,0,,False,2026-08-05T00:00:00+08:00,4,贴片电阻,395000,0,7,个
1,321-000503,,588-000655,0,,False,2026-08-05T00:00:00+08:00,4,YN403_4GBOARD_P0_PCB,0,0,0,
1,356-000081,,588-000655,0,,False,2026-08-05T00:00:00+08:00,4,IPEX天线座,10153,0,2,个
2,725-000089,,588-000655,0,,False,2026-08-05T00:00:00+08:00,4,贴片陶瓷电容,153909,0,3,个
4,725-000041,,588-000655,0,,False,2026-08-05T00:00:00+08:00,4,贴片陶瓷电容,530000,0,1,个
1,725-000088,,588-000655,0,,False,2026-08-05T00:00:00+08:00,4,贴片陶瓷电容,116000,0,2,个
6,725-000019,,588-000655,0,,False,2026-08-05T00:00:00+08:00,4,贴片陶瓷电容,22667,0,3,个
1,725-000033,,588-000655,0,,False,2026-08-05T00:00:00+08:00,4,贴片陶瓷电容,19550,0,2,个
11,454-000258,,588-000655,0,,False,2026-08-05T00:00:00+08:00,4,ESD二极管,108608,0,6,个
3,733-000084,,588-000655,0,,False,2026-08-05T00:00:00+08:00,4,贴片磁珠,123364,0,4,个
2,849-000215,,588-000655,0,,False,2026-08-05T00:00:00+08:00,4,1.37线径射频线夹,0,0,0,
1,733-000236,,588-000655,0,,False,2026-08-05T00:00:00+08:00,4,贴片功率电感,2000,0,1,个
1,358-000166,,588-000655,0,,False,2026-08-05T00:00:00+08:00,4,贴片PMOS管,8940,0,2,个
1,539-000026,,588-000655,0,,False,2026-08-05T00:00:00+08:00,4,贴片电阻,80817,0,4,个
1,539-000043,,588-000655,0,,False,2026-08-05T00:00:00+08:00,4,贴片电阻,19690,0,2,个
2,539-000162,,588-000655,0,,False,2026-08-05T00:00:00+08:00,4,贴片电阻,140000,0,2,个
6,539-000002,,588-000655,0,,False,2026-08-05T00:00:00+08:00,4,贴片电阻,281246,0,4,个
1,539-000006,,588-000655,0,,False,2026-08-05T00:00:00+08:00,4,贴片电阻,155903,0,2,个
1,356-000562,,588-000655,0,,False,2026-08-05T00:00:00+08:00,4,双排排针 DIP 2.0Pitch 2X7pin,0,0,0,
1,165-002371,,791-000012,0,,False,2026-08-05T00:00:00+08:00,4,YN403_前壳,119,0,5,个
1,321-000498,,588-000649,0,,False,2026-08-05T00:00:00+08:00,5,YS210_自研IMU模块_P1_PCB,0,0,0,
1,795-000863,,588-000649,0,,False,2026-08-05T00:00:00+08:00,5,408IMU自研屏蔽罩V2,550,0,2,个
13,725-000242,,588-000649,0,,False,2026-08-05T00:00:00+08:00,5,贴片陶瓷电容,40200,0,1,个
2,725-000415,,588-000649,0,,False,2026-08-05T00:00:00+08:00,5,贴片陶瓷电容,29750,0,2,个
3,725-000431,,588-000649,0,,False,2026-08-05T00:00:00+08:00,5,贴片陶瓷电容,10000,0,1,个
1,725-000432,,588-000649,0,,False,2026-08-05T00:00:00+08:00,5,贴片陶瓷电容,15000,0,1,个
2,725-000433,,588-000649,0,,False,2026-08-05T00:00:00+08:00,5,贴片陶瓷电容,15000,0,1,个
1,725-000434,,588-000649,0,,False,2026-08-05T00:00:00+08:00,5,贴片陶瓷电容,0,0,0,
7,539-000379,,588-000649,0,,False,2026-08-05T00:00:00+08:00,5,贴片电阻,10000,0,1,个
26,539-000310,,588-000649,0,,False,2026-08-05T00:00:00+08:00,5,贴片电阻,20000,0,1,个
1,539-000589,,588-000649,0,,False,2026-08-05T00:00:00+08:00,5,贴片电阻,20000,0,2,个
2,539-000544,,588-000649,0,,False,2026-08-05T00:00:00+08:00,5,贴片电阻,0,0,0,
1,972-000264,,588-000649,0,,False,2026-08-05T00:00:00+08:00,5,IMU,0,0,0,
1,972-000688,,588-000649,0,,False,2026-08-05T00:00:00+08:00,5,IMU,230,0,1,个
1,972-000689,,588-000649,0,,False,2026-08-05T00:00:00+08:00,5,MCU,12019,0,3,个
1,972-000159,,588-000649,0,,False,2026-08-05T00:00:00+08:00,5,贴片IMU,5000,0,2,个
1,527-000053,,588-000649,0,,False,2026-08-05T00:00:00+08:00,5,贴片无源晶振,6001,0,2,个
1,539-000245,,588-000620,0,,False,2026-08-05T00:00:00+08:00,5,贴片电阻,20000,0,2,个
1,972-000712,,588-000620,0,,False,2026-08-05T00:00:00+08:00,5,GPS模块,295,0,2,个
1,321-000476,,588-000620,0,,False,2026-08-05T00:00:00+08:00,5,GPS模块M20_P2_PCB,0,0,0,
1,725-000004,,588-000620,0,,False,2026-08-05T00:00:00+08:00,5,贴片陶瓷电容,20000,0,2,个
1,725-000088,,588-000620,0,,False,2026-08-05T00:00:00+08:00,5,贴片陶瓷电容,116000,0,2,个
6,539-000001,,588-000620,0,,False,2026-08-05T00:00:00+08:00,5,贴片电阻,286734,0,5,个
4,539-000003,,588-000620,0,,False,2026-08-05T00:00:00+08:00,5,贴片电阻,181785,0,2,个
3,539-000005,,588-000620,0,,False,2026-08-05T00:00:00+08:00,5,贴片电阻,103388,0,2,个
2,539-000018,,588-000620,0,,False,2026-08-05T00:00:00+08:00,5,贴片电阻,94254,0,3,个
1,690-000012,,588-000620,0,,False,2026-08-05T00:00:00+08:00,5,贴片发光二极管,119987,0,3,个
1,690-000005,,588-000620,0,,False,2026-08-05T00:00:00+08:00,5,贴片发光二极管,6675,0,2,个
7,454-000004,,588-000620,0,,False,2026-08-05T00:00:00+08:00,5,ESD静电保护管,0,0,0,
1,364-000046,,588-000620,0,,False,2026-08-05T00:00:00+08:00,5,贴片自恢复保险丝,10000,0,2,个
1,733-000199,,588-000620,0,,False,2026-08-05T00:00:00+08:00,5,贴片功率电感,20000,0,2,个
1,972-000587,,588-000620,0,,False,2026-08-05T00:00:00+08:00,5,负载开关,0,0,0,
1,356-000558,,588-000653,0,,False,2026-08-05T00:00:00+08:00,5,双排排针 DIP 2.0Pitch 2X5pin,0,0,0,
1,321-000501,,588-000653,0,,False,2026-08-05T00:00:00+08:00,5,YN403_USB&SIM_P1_PCB,0,0,0,
1,356-000389,,588-000653,0,,False,2026-08-05T00:00:00+08:00,5,沉板前插后贴式短款USB 2.0母座,0,0,0,
6,454-000258,,588-000653,0,,False,2026-08-05T00:00:00+08:00,5,ESD二极管,108608,0,6,个
1,356-000382,,588-000653,0,,False,2026-08-05T00:00:00+08:00,5,Push-Push Nano SIM 卡座,0,0,0,
3,539-000026,,588-000653,0,,False,2026-08-05T00:00:00+08:00,5,贴片电阻,80817,0,4,个
