bom_level,alt_priority,bom_version,alt_method,is_substitute,material_name,alt_group_no,material_code,parent_material_code,standard_usage,available_qty,reserved_qty,stock_rows,inventory_uom
1,0,2026-08-05T00:00:00+08:00,,False,YN406预组装包(拖拉机),,791-000013,382-000005,1,1000,0,1,个
1,0,2026-08-05T00:00:00+08:00,,False,YN406 包装外箱_V2,,606-000989,382-000005,1,344,0,2,个
1,0,2026-08-05T00:00:00+08:00,,False,YN406 珍珠棉内托_V2,,606-000990,382-000005,1,400,0,3,个
1,0,2026-08-05T00:00:00+08:00,,False,YS221A接收机组件_国内,,528-000036,382-000005,1,34,0,1,个
1,0,2026-08-05T00:00:00+08:00,,False,YN406B方向盘组件（拖拉机）,,791-000007,382-000005,1,0,0,0,
1,0,2026-08-05T00:00:00+08:00,,False,406电源+电机+接收机连接线,,994-000550,382-000005,1,1875,0,8,个
1,0,2026-08-05T00:00:00+08:00,,False,YN406说明书（中文）,,468-000493,382-000005,1,1867,0,1,个
1,0,2026-08-05T00:00:00+08:00,,False,导航车贴(60*15cm),,468-000530,382-000005,1,1500,0,1,个
1,0,2026-08-05T00:00:00+08:00,,False,YN403显示终端整机_预装组件_拖拉机,,791-000015,382-000005,1,0,0,0,
2,0,2026-08-05T00:00:00+08:00,,False,IMU、蘑菇头、显示终端安装附件包(30长),,795-000993,791-000013,1,2000,0,1,包
2,0,2026-08-05T00:00:00+08:00,,False,I406 预组装外箱,,606-000852,791-000013,1,600,0,1,个
2,0,2026-08-05T00:00:00+08:00,,False,I406 预组装珍珠棉内托,,606-000853,791-000013,1,590,0,1,个
2,0,2026-08-05T00:00:00+08:00,,False,显示终端安装附件包,,795-000130,791-000013,1,1124,0,2,个
2,0,2026-08-05T00:00:00+08:00,,False,终端RAM支架U型底座安装附件包,,795-000728,791-000013,1,2950,0,2,个
2,0,2026-08-05T00:00:00+08:00,,False,电机安装附件包,,795-000302,791-000013,1,2374,0,1,个
2,0,2026-08-05T00:00:00+08:00,,False,1号电机支架底板圆柱（L=100mm）,,165-000257,791-000013,1,1409,0,3,个
2,0,2026-08-05T00:00:00+08:00,,False,电机1号安装支架附件包,,795-000865,791-000013,1,2867,0,2,个
2,0,2026-08-05T00:00:00+08:00,,False,线束安装附件包,,795-000133,791-000013,10,26297,0,3,个
2,0,2026-08-05T00:00:00+08:00,,False,4号自封袋,,606-000012,791-000013,1,19500,0,1,个
2,0,2026-08-05T00:00:00+08:00,,False,YS221A接收机整机_国内版_整机,,528-000031,528-000036,1,391,0,1,个
2,0,2026-08-05T00:00:00+08:00,,False,M6X16不锈钢外六角三组合螺丝_半耐落,,849-001021,528-000036,4,8843,0,2,个
2,0,2026-08-05T00:00:00+08:00,,False,M4*22_不锈钢杯头内六角滚花机牙螺丝_整圈耐落,,849-000288,791-000007,6,161549,0,9,个
2,0,2026-08-05T00:00:00+08:00,,False,YN403（406）整机,,791-000003,791-000015,1,445,0,4,个
2,0,2026-08-05T00:00:00+08:00,,False,308终端RAM支架,,165-000120,791-000015,1,1712,0,1,个
2,0,2026-08-05T00:00:00+08:00,,False,M5*22_不锈钢内六角机牙螺丝_整圈耐落,,849-000987,791-000015,4,19826,0,5,个
3,0,2026-08-05T00:00:00+08:00,,False,YS221_P0_(四信+M2-BD)S01_PCBA,,588-000712,528-000031,1,894,0,5,个
3,0,2026-08-05T00:00:00+08:00,,False,YS221-TNC转IPEX连接线,,838-000403,528-000031,1,740,0,1,个
3,0,2026-08-05T00:00:00+08:00,,False,YS221接收机上壳,,165-002644,528-000031,1,857,0,1,个
3,0,2026-08-05T00:00:00+08:00,,False,YS221接收机下壳(P+R),,165-002702,528-000031,1,870,0,3,个
3,0,2026-08-05T00:00:00+08:00,,False,YS221接收机防水硅胶件,,165-002646,528-000031,1,859,0,1,个
3,0,2026-08-05T00:00:00+08:00,,False,YS221_M16-12P信号转接线,,994-000606,528-000031,1,650,0,1,个
3,0,2026-08-05T00:00:00+08:00,,False,TNC防尘堵头,,165-002708,528-000031,1,2359,0,2,个
3,0,2026-08-05T00:00:00+08:00,,False,YN501_M16连接器防水胶套,,165-000722,528-000031,1,5404,0,3,个
3,0,2026-08-05T00:00:00+08:00,,False,GPS散热硅胶垫,,165-002647,528-000031,1,1660,0,2,个
3,0,2026-08-05T00:00:00+08:00,,False,M16*E19*L2.8六角螺母,,849-000382,528-000031,1,14703,0,3,个
3,0,2026-08-05T00:00:00+08:00,,False,812 M5防水透气阀,,849-000717,528-000031,1,3087,0,3,个
3,0,2026-08-05T00:00:00+08:00,,False,M3*10不锈钢耐落机制螺丝,,849-000204,528-000031,9,53184,0,2,个
3,0,2026-08-05T00:00:00+08:00,,False,M3*6-不锈钢十字圆头机牙螺丝_半耐落,,849-000700,528-000031,12,116123,0,3,个
3,0,2026-08-05T00:00:00+08:00,,False,YS221固定标签(国内),,468-000565,528-000031,1,1312,0,1,个
3,0,2026-08-05T00:00:00+08:00,,False,YN403_MAINBOARD_P2_PCBA,,588-000726,791-000003,1,1034,0,7,个
3,0,2026-08-05T00:00:00+08:00,,False,YN403_KEYBOARD_P0_PCBA,,588-000654,791-000003,1,1044,0,2,个
3,0,2026-08-05T00:00:00+08:00,,False,YN403_4GBOARD_P0_PCBA,,588-000655,791-000003,1,1034,0,6,个
3,0,2026-08-05T00:00:00+08:00,,False,YN403_后壳,,165-002372,791-000003,1,1046,0,3,个
3,0,2026-08-05T00:00:00+08:00,,False,YN403_SIM卡盖板,,165-002375,791-000003,1,1246,0,2,个
3,0,2026-08-05T00:00:00+08:00,,False,YN403_防水硅胶圈,,165-002376,791-000003,1,1566,0,1,个
3,0,2026-08-05T00:00:00+08:00,,False,YN403_USB防水密封圈,,165-002377,791-000003,1,1246,0,2,个
3,0,2026-08-05T00:00:00+08:00,,False,YN403_SIM卡防水密封圈,,165-002378,791-000003,1,3946,0,1,个
3,0,2026-08-05T00:00:00+08:00,,False,M2.5*6-不锈钢十字圆头机牙螺丝_半耐落,,849-000846,791-000003,3,138907,0,3,个
3,0,2026-08-05T00:00:00+08:00,,False,一卡三通NaNo物联卡（腾讯薄款）,,182-000055,791-000003,1,6393,0,1,张
3,0,2026-08-05T00:00:00+08:00,,False,YN406-4G天线,,838-000375,791-000003,1,1037,0,1,个
3,0,2026-08-05T00:00:00+08:00,,False,YN406-WIFI天线,,838-000376,791-000003,1,1039,0,1,个
3,0,2026-08-05T00:00:00+08:00,,False,YN403_导电泡棉3,,165-002405,791-000003,1,12791,0,2,个
3,0,2026-08-05T00:00:00+08:00,,False,YN403_导电泡棉6,,165-002408,791-000003,2,3292,0,1,个
3,0,2026-08-05T00:00:00+08:00,,False,YN403_前壳预装组件_不带终端互联,,791-000012,791-000003,1,144,0,2,个
3,0,2026-08-05T00:00:00+08:00,,False,701pro密封圈（摄像头）,,165-000229,791-000003,3,12420,0,3,个
3,0,2026-08-05T00:00:00+08:00,,False,308终端防水透气膜,,795-000176,791-000003,1,16708,0,1,个
3,0,2026-08-05T00:00:00+08:00,,False,M3*6十字薄头螺丝,,849-000943,791-000003,9,17514,0,1,个
3,0,2026-08-05T00:00:00+08:00,,False,M3*6-不锈钢十字圆头机牙螺丝_半耐落,,849-000700,791-000003,10,116123,0,3,个
3,0,2026-08-05T00:00:00+08:00,,False,M3*10不锈钢耐落机制螺丝,,849-000204,791-000003,14,53184,0,2,个
3,0,2026-08-05T00:00:00+08:00,,False,ST2.6*6-镀锌铁十字圆头尖尾自攻螺丝,,849-000392,791-000003,4,65052,0,3,个
3,0,2026-08-05T00:00:00+08:00,,False,M12*E19*L2.5六角螺帽,,849-000208,791-000003,3,17644,0,4,个
3,0,2026-08-05T00:00:00+08:00,,False,812 M5防水透气阀,,849-000717,791-000003,1,3087,0,3,个
3,0,2026-08-05T00:00:00+08:00,,False,701pro摄像头连接器防水胶套,,165-000266,791-000003,3,8667,0,4,个
4,0,2026-08-05T00:00:00+08:00,,False,贴片陶瓷电容,,725-000176,588-000712,1,39490,0,1,个
4,0,2026-08-05T00:00:00+08:00,,False,贴片陶瓷电容,,725-000357,588-000712,4,39950,0,3,个
4,0,2026-08-05T00:00:00+08:00,,False,贴片陶瓷电容,,725-000179,588-000712,3,247043,0,6,个
4,0,2026-08-05T00:00:00+08:00,,False,贴片陶瓷电容,,725-000320,588-000712,1,9500,0,1,个
4,0,2026-08-05T00:00:00+08:00,,False,贴片陶瓷电容,,725-000226,588-000712,24,1516029,0,12,个
4,0,2026-08-05T00:00:00+08:00,,False,贴片陶瓷电容,,725-000086,588-000712,1,1280510,0,5,个
4,0,2026-08-05T00:00:00+08:00,,False,贴片陶瓷电容,,725-000307,588-000712,10,44000,0,1,个
4,0,2026-08-05T00:00:00+08:00,,False,贴片陶瓷电容,,725-000105,588-000712,2,0,0,0,
4,0,2026-08-05T00:00:00+08:00,,False,贴片电阻,,539-000022,588-000712,4,58369,0,2,个
4,0,2026-08-05T00:00:00+08:00,,False,贴片电阻,,539-000276,588-000712,3,24944,0,2,个
4,0,2026-08-05T00:00:00+08:00,,False,贴片电阻,,539-000026,588-000712,1,80817,0,4,个
4,0,2026-08-05T00:00:00+08:00,,False,贴片电阻,,539-000002,588-000712,22,281246,0,4,个
4,0,2026-08-05T00:00:00+08:00,,False,贴片电阻,,539-000267,588-000712,2,155240,0,2,个
4,0,2026-08-05T00:00:00+08:00,,False,贴片电阻,,539-000028,588-000712,1,16260,0,2,个
4,0,2026-08-05T00:00:00+08:00,,False,贴片电阻,,539-000106,588-000712,1,74024,0,5,个
4,0,2026-08-05T00:00:00+08:00,,False,贴片电阻,,539-000154,588-000712,1,130018,0,2,个
4,0,2026-08-05T00:00:00+08:00,,False,贴片电阻,,539-000162,588-000712,1,140000,0,2,个
4,0,2026-08-05T00:00:00+08:00,,False,贴片电阻,,539-000005,588-000712,1,103388,0,2,个
4,0,2026-08-05T00:00:00+08:00,,False,贴片电阻,,539-000025,588-000712,1,20000,0,1,个
4,0,2026-08-05T00:00:00+08:00,,False,贴片电阻,,539-000006,588-000712,1,155903,0,2,个
4,0,2026-08-05T00:00:00+08:00,,False,贴片电阻,,539-000008,588-000712,5,210003,0,2,个
4,0,2026-08-05T00:00:00+08:00,,False,贴片电阻,,539-000247,588-000712,1,10000,0,1,个
4,0,2026-08-05T00:00:00+08:00,,False,贴片电阻,,539-000411,588-000712,1,10000,0,1,个
4,0,2026-08-05T00:00:00+08:00,,False,贴片电阻,,539-000045,588-000712,4,50029,0,1,个
4,0,2026-08-05T00:00:00+08:00,,False,贴片电阻,,539-000018,588-000712,2,94254,0,3,个
4,0,2026-08-05T00:00:00+08:00,,False,贴片电阻,,539-000047,588-000712,1,0,0,0,
4,0,2026-08-05T00:00:00+08:00,,False,贴片电阻,,539-000048,588-000712,1,20000,0,1,个
4,0,2026-08-05T00:00:00+08:00,,False,贴片电阻,,539-000271,588-000712,2,10000,0,1,个
4,0,2026-08-05T00:00:00+08:00,,False,肖特基二极管,,454-000310,588-000712,1,6000,0,1,个
4,0,2026-08-05T00:00:00+08:00,,False,贴片开关二极管,,454-000213,588-000712,1,30000,0,1,个
4,0,2026-08-05T00:00:00+08:00,,False,ESD静电保护管,,454-000347,588-000712,2,3000,0,1,个
4,0,2026-08-05T00:00:00+08:00,,False,12P双排卧插连接器,,356-000602,588-000712,1,2000,0,1,个
4,0,2026-08-05T00:00:00+08:00,,False,NPN三极管,,358-000091,588-000712,1,107329,0,2,个
4,0,2026-08-05T00:00:00+08:00,,False,TVS二极管,,454-000319,588-000712,1,0,0,0,
4,0,2026-08-05T00:00:00+08:00,,False,贴片共模电感,,733-000121,588-000712,1,20181,0,1,个
4,0,2026-08-05T00:00:00+08:00,,False,绕线贴片功率电感,,733-000129,588-000712,1,12000,0,1,个
4,0,2026-08-05T00:00:00+08:00,,False,贴片功率电感,,733-000130,588-000712,1,2824,0,1,个
4,0,2026-08-05T00:00:00+08:00,,False,电源芯片,,972-000475,588-000712,1,20999,0,3,个
4,0,2026-08-05T00:00:00+08:00,,False,DC-DC电源芯片,,972-000815,588-000712,1,3000,0,1,个
4,0,2026-08-05T00:00:00+08:00,,False,SS232收发器,,972-000323,588-000712,2,20000,0,1,个
4,0,2026-08-05T00:00:00+08:00,,False,四信LORA 模组,,972-000528,588-000712,1,0,0,0,
4,0,2026-08-05T00:00:00+08:00,,False,YS210_自研IMU模块_P1_PCBA,,588-000649,588-000712,1,0,0,0,
4,0,2026-08-05T00:00:00+08:00,,False,CAN收发器,,972-000610,588-000712,1,16998,0,2,个
4,0,2026-08-05T00:00:00+08:00,,False,YS221_P0_PCB,,321-000543,588-000712,1,0,0,0,
4,0,2026-08-05T00:00:00+08:00,,False,贴片螺母,,849-000011,588-000712,4,1045,0,2,个
4,0,2026-08-05T00:00:00+08:00,,False,1.37线径射频线夹,,849-000215,588-000712,2,0,0,0,
4,0,2026-08-05T00:00:00+08:00,,False,M3*6-不锈钢十字圆头机牙螺丝_半耐落,,849-000700,588-000712,4,116123,0,3,个
4,0,2026-08-05T00:00:00+08:00,,False,M3X7.5+4单头六角不锈钢螺柱，六角对边尺寸4.6,,849-000484,588-000712,2,600,0,1,个
4,0,2026-08-05T00:00:00+08:00,,False,M3X8+4单头六角铜柱，六角对边尺寸4.6,,849-000023,588-000712,2,0,0,0,
4,0,2026-08-05T00:00:00+08:00,,False,GPS模块M20_P2_S01_PCBA,,588-000620,588-000712,1,1,0,1,个
4,0,2026-08-05T00:00:00+08:00,,False,贴片电阻,,539-000631,588-000726,28,0,0,0,
4,0,2026-08-05T00:00:00+08:00,,False,YN403_Mainboard_P2_PCB,,321-000556,588-000726,1,0,0,0,
4,0,2026-08-05T00:00:00+08:00,,False,CPU,,972-000746,588-000726,1,0,0,0,
4,0,2026-08-05T00:00:00+08:00,,False,LPDDR4,,972-000745,588-000726,1,2812,0,2,个
4,0,2026-08-05T00:00:00+08:00,,False,PMIC,,972-000744,588-000726,1,0,0,0,
4,0,2026-08-05T00:00:00+08:00,,False,贴片共模电感,,733-000121,588-000726,2,20181,0,1,个
4,0,2026-08-05T00:00:00+08:00,,False,异步降压转换器,,554-000036,588-000726,2,19685,0,3,个
4,0,2026-08-05T00:00:00+08:00,,False,线性稳压器,,554-000069,588-000726,1,2955,0,1,个
4,0,2026-08-05T00:00:00+08:00,,False,DC-DC电源芯片,,972-000273,588-000726,2,3000,0,1,个
4,0,2026-08-05T00:00:00+08:00,,False,LDO,,972-000338,588-000726,3,24833,0,4,个
4,0,2026-08-05T00:00:00+08:00,,False,BOOST芯片,,972-000418,588-000726,2,5096,0,1,个
4,0,2026-08-05T00:00:00+08:00,,False,负载开关,,972-000587,588-000726,2,0,0,0,
4,0,2026-08-05T00:00:00+08:00,,False,限流负载开关,,972-000333,588-000726,2,18000,0,3,个
4,0,2026-08-05T00:00:00+08:00,,False,视频解码器,,972-000196,588-000726,1,12000,0,2,个
4,0,2026-08-05T00:00:00+08:00,,False,LED驱动,,972-000743,588-000726,1,0,0,0,
4,0,2026-08-05T00:00:00+08:00,,False,MCU,,972-000536,588-000726,1,13500,0,1,个
4,0,2026-08-05T00:00:00+08:00,,False,MCU电源监控芯片,,972-000448,588-000726,2,4590,0,1,个
4,0,2026-08-05T00:00:00+08:00,,False,音频功放,,972-000270,588-000726,1,4000,0,1,个
4,0,2026-08-05T00:00:00+08:00,,False,CAN收发器,,972-000610,588-000726,2,16998,0,2,个
4,0,2026-08-05T00:00:00+08:00,,False,逻辑芯片,,972-000432,588-000726,1,8985,0,2,个
4,0,2026-08-05T00:00:00+08:00,,False,SS232收发器,,972-000323,588-000726,1,20000,0,1,个
4,0,2026-08-05T00:00:00+08:00,,False,WIFI+蓝牙模块,,972-000085,588-000726,1,0,0,0,
4,0,2026-08-05T00:00:00+08:00,,False,随机存储器,,972-000303,588-000726,1,5000,0,2,个
4,0,2026-08-05T00:00:00+08:00,,False,DCDC转换器,,972-000770,588-000726,1,6000,0,2,个
4,0,2026-08-05T00:00:00+08:00,,False,电压监控IC,,972-000741,588-000726,1,6000,0,2,个
4,0,2026-08-05T00:00:00+08:00,,False,贴片无源晶振,,527-000036,588-000726,1,14112,0,3,个
4,0,2026-08-05T00:00:00+08:00,,False,贴片无源晶振,,527-000038,588-000726,1,15000,0,1,个
4,0,2026-08-05T00:00:00+08:00,,False,法拉电容,,725-000342,588-000726,2,12676,0,1,个
4,0,2026-08-05T00:00:00+08:00,,False,IPEX天线座,,356-000081,588-000726,1,10153,0,2,个
4,0,2026-08-05T00:00:00+08:00,,False,40pin卧贴抽屉式FPC连接器,,356-000200,588-000726,1,11995,0,2,个
4,0,2026-08-05T00:00:00+08:00,,False,贴片陶瓷电容,,725-000174,588-000726,7,38000,0,1,个
4,0,2026-08-05T00:00:00+08:00,,False,贴片陶瓷电容,,725-000167,588-000726,4,92016,0,1,个
4,0,2026-08-05T00:00:00+08:00,,False,贴片陶瓷电容,,725-000041,588-000726,18,530000,0,1,个
4,0,2026-08-05T00:00:00+08:00,,False,贴片陶瓷电容,,725-000118,588-000726,4,11567,0,4,个
4,0,2026-08-05T00:00:00+08:00,,False,贴片陶瓷电容,,725-000033,588-000726,33,19550,0,2,个
4,0,2026-08-05T00:00:00+08:00,,False,贴片陶瓷电容,,725-000089,588-000726,41,153909,0,3,个
4,0,2026-08-05T00:00:00+08:00,,False,贴片陶瓷电容,,725-000015,588-000726,1,168000,0,8,个
4,0,2026-08-05T00:00:00+08:00,,False,贴片陶瓷电容,,725-000104,588-000726,13,42038,0,2,个
4,0,2026-08-05T00:00:00+08:00,,False,贴片陶瓷电容,,725-000019,588-000726,5,22667,0,3,个
4,0,2026-08-05T00:00:00+08:00,,False,贴片陶瓷电容,,725-000048,588-000726,8,73850,0,3,个
4,0,2026-08-05T00:00:00+08:00,,False,贴片陶瓷电容,,725-000083,588-000726,2,0,0,0,
4,0,2026-08-05T00:00:00+08:00,,False,贴片陶瓷电容,,725-000046,588-000726,5,58000,0,3,个
4,0,2026-08-05T00:00:00+08:00,,False,贴片陶瓷电容,,725-000101,588-000726,6,19650,0,2,个
4,0,2026-08-05T00:00:00+08:00,,False,贴片陶瓷电容,,725-000170,588-000726,3,44000,0,1,个
4,0,2026-08-05T00:00:00+08:00,,False,贴片陶瓷电容,,725-000007,588-000726,2,20000,0,2,个
4,0,2026-08-05T00:00:00+08:00,,False,贴片陶瓷电容,,725-000129,588-000726,1,40000,0,2,个
4,0,2026-08-05T00:00:00+08:00,,False,贴片陶瓷电容,,725-000242,588-000726,79,40200,0,1,个
4,0,2026-08-05T00:00:00+08:00,,False,贴片陶瓷电容,,725-000249,588-000726,5,0,0,0,
4,0,2026-08-05T00:00:00+08:00,,False,贴片陶瓷电容,,725-000448,588-000726,8,19700,0,1,个
4,0,2026-08-05T00:00:00+08:00,,False,贴片陶瓷电容,,725-000069,588-000726,7,356000,0,3,个
4,0,2026-08-05T00:00:00+08:00,,False,稳压二极管,,454-000206,588-000726,3,36000,0,1,个
4,0,2026-08-05T00:00:00+08:00,,False,肖特基二极管,,454-000009,588-000726,2,8062,0,4,个
4,0,2026-08-05T00:00:00+08:00,,False,TVS二极管,,454-000256,588-000726,1,20100,0,3,个
4,0,2026-08-05T00:00:00+08:00,,False,肖特基二极管,,454-000187,588-000726,2,23676,0,3,个
4,0,2026-08-05T00:00:00+08:00,,False,贴片开关二极管,,454-000181,588-000726,4,116449,0,6,个
4,0,2026-08-05T00:00:00+08:00,,False,ESD二极管,,454-000258,588-000726,18,108608,0,6,个
4,0,2026-08-05T00:00:00+08:00,,False,ESD二极管,,454-000050,588-000726,2,67706,0,3,个
4,0,2026-08-05T00:00:00+08:00,,False,贴片发光二极管,,690-000012,588-000726,4,119987,0,3,个
4,0,2026-08-05T00:00:00+08:00,,False,TVS二极管,,454-000068,588-000726,1,160076,0,3,个
4,0,2026-08-05T00:00:00+08:00,,False,贴片磁珠,,733-000154,588-000726,11,16000,0,2,个
4,0,2026-08-05T00:00:00+08:00,,False,贴片磁珠,,733-000084,588-000726,3,123364,0,4,个
4,0,2026-08-05T00:00:00+08:00,,False,M12防水8P-B款板端公头-26L,,356-000491,588-000726,1,0,0,0,
4,0,2026-08-05T00:00:00+08:00,,False,M12防水5P-A款板端公头-26L,,356-000490,588-000726,1,0,0,0,
4,0,2026-08-05T00:00:00+08:00,,False,M12防水6P-A款板端公头-26L,,356-000557,588-000726,1,0,0,0,
4,0,2026-08-05T00:00:00+08:00,,False,肖特基二极管,,454-000322,588-000726,1,96000,0,2,个
4,0,2026-08-05T00:00:00+08:00,,False,白色贴片插座母座,,356-000251,588-000726,1,4000,0,1,个
4,0,2026-08-05T00:00:00+08:00,,False,双排排母 立贴 2.0Pitch 2X5pin,,356-000559,588-000726,1,0,0,0,
4,0,2026-08-05T00:00:00+08:00,,False,双排排母 立贴 2.0Pitch 2X4pin,,356-000561,588-000726,1,0,0,0,
4,0,2026-08-05T00:00:00+08:00,,False,双排排母 立贴 2.0Pitch 2X7pin,,356-000563,588-000726,1,1000,0,1,个
4,0,2026-08-05T00:00:00+08:00,,False,1.37线径射频线夹,,849-000215,588-000726,1,0,0,0,
4,0,2026-08-05T00:00:00+08:00,,False,贴片功率电感,,733-000100,588-000726,2,34513,0,5,个
4,0,2026-08-05T00:00:00+08:00,,False,绕线贴片功率电感,,733-000023,588-000726,1,1500,0,1,个
4,0,2026-08-05T00:00:00+08:00,,False,功率电感,,733-000082,588-000726,5,10000,0,1,个
4,0,2026-08-05T00:00:00+08:00,,False,贴片功率电感,,733-000130,588-000726,2,2824,0,1,个
4,0,2026-08-05T00:00:00+08:00,,False,绕线贴片功率电感,,733-000039,588-000726,2,12000,0,2,个
4,0,2026-08-05T00:00:00+08:00,,False,绕线贴片功率电感,,733-000038,588-000726,2,12293,0,3,个
4,0,2026-08-05T00:00:00+08:00,,False,绕线贴片功率电感,,733-000043,588-000726,1,0,0,0,
4,0,2026-08-05T00:00:00+08:00,,False,贴片螺母,,849-000929,588-000726,4,0,0,0,
4,0,2026-08-05T00:00:00+08:00,,False,贴片螺母,,849-000928,588-000726,3,8378,0,1,个
4,0,2026-08-05T00:00:00+08:00,,False,贴片螺母,,849-000011,588-000726,4,1045,0,2,个
4,0,2026-08-05T00:00:00+08:00,,False,贴片PMOS管,,358-000166,588-000726,3,8940,0,2,个
4,0,2026-08-05T00:00:00+08:00,,False,MOSFET,,358-000180,588-000726,2,14812,0,4,个
4,0,2026-08-05T00:00:00+08:00,,False,贴片电阻,,539-000124,588-000726,1,75000,0,3,个
4,0,2026-08-05T00:00:00+08:00,,False,贴片电阻,,539-000046,588-000726,1,111065,0,2,个
4,0,2026-08-05T00:00:00+08:00,,False,贴片电阻,,539-000374,588-000726,2,260000,0,10,个
4,0,2026-08-05T00:00:00+08:00,,False,贴片电阻,,539-000237,588-000726,2,100000,0,1,个
4,0,2026-08-05T00:00:00+08:00,,False,贴片电阻,,539-000382,588-000726,1,49056,0,2,个
4,0,2026-08-05T00:00:00+08:00,,False,贴片电阻,,539-000147,588-000726,4,178381,0,4,个
4,0,2026-08-05T00:00:00+08:00,,False,贴片电阻,,539-000082,588-000726,2,99999,0,3,个
4,0,2026-08-05T00:00:00+08:00,,False,贴片电阻,,539-000075,588-000726,2,90060,0,1,个
4,0,2026-08-05T00:00:00+08:00,,False,贴片电阻,,539-000318,588-000726,1,9996,0,1,个
4,0,2026-08-05T00:00:00+08:00,,False,贴片电阻,,539-000162,588-000726,4,140000,0,2,个
4,0,2026-08-05T00:00:00+08:00,,False,贴片电阻,,539-000015,588-000726,1,20000,0,1,个
4,0,2026-08-05T00:00:00+08:00,,False,贴片电阻,,539-000031,588-000726,8,134234,0,3,个
4,0,2026-08-05T00:00:00+08:00,,False,贴片电阻,,539-000249,588-000726,1,10000,0,1,个
4,0,2026-08-05T00:00:00+08:00,,False,贴片电阻,,539-000042,588-000726,1,40190,0,2,个
4,0,2026-08-05T00:00:00+08:00,,False,贴片电阻,,539-000287,588-000726,1,9999,0,1,个
4,0,2026-08-05T00:00:00+08:00,,False,贴片电阻,,539-000014,588-000726,1,76904,0,1,个
4,0,2026-08-05T00:00:00+08:00,,False,贴片电阻,,539-000048,588-000726,1,20000,0,1,个
4,0,2026-08-05T00:00:00+08:00,,False,贴片电阻,,539-000002,588-000726,54,281246,0,4,个
4,0,2026-08-05T00:00:00+08:00,,False,贴片电阻,,539-000264,588-000726,1,33246,0,3,个
4,0,2026-08-05T00:00:00+08:00,,False,贴片电阻,,539-000006,588-000726,10,155903,0,2,个
4,0,2026-08-05T00:00:00+08:00,,False,贴片电阻,,539-000045,588-000726,1,50029,0,1,个
4,0,2026-08-05T00:00:00+08:00,,False,贴片电阻,,539-000050,588-000726,1,30060,0,2,个
4,0,2026-08-05T00:00:00+08:00,,False,贴片电阻,,539-000073,588-000726,1,40818,0,4,个
4,0,2026-08-05T00:00:00+08:00,,False,贴片电阻,,539-000018,588-000726,4,94254,0,3,个
4,0,2026-08-05T00:00:00+08:00,,False,贴片电阻,,539-000070,588-000726,2,90000,0,1,个
4,0,2026-08-05T00:00:00+08:00,,False,贴片电阻,,539-000171,588-000726,1,19900,0,2,个
4,0,2026-08-05T00:00:00+08:00,,False,贴片电阻,,539-000159,588-000726,4,21771,0,2,个
4,0,2026-08-05T00:00:00+08:00,,False,贴片电阻,,539-000248,588-000726,2,19152,0,2,个
4,0,2026-08-05T00:00:00+08:00,,False,贴片电阻,,539-000241,588-000726,2,20250,0,2,个
4,0,2026-08-05T00:00:00+08:00,,False,贴片电阻,,539-000094,588-000726,2,47829,0,2,个
4,0,2026-08-05T00:00:00+08:00,,False,贴片电阻,,539-000099,588-000726,2,0,0,0,
4,0,2026-08-05T00:00:00+08:00,,False,贴片电阻,,539-000037,588-000726,1,14087,0,2,个
4,0,2026-08-05T00:00:00+08:00,,False,贴片电阻,,539-000103,588-000726,11,150000,0,4,个
4,0,2026-08-05T00:00:00+08:00,,False,贴片电阻,,539-000027,588-000726,2,130437,0,2,个
4,0,2026-08-05T00:00:00+08:00,,False,贴片电阻,,539-000251,588-000726,1,5000,0,1,个
4,0,2026-08-05T00:00:00+08:00,,False,贴片电阻,,539-000110,588-000726,2,395000,0,7,个
4,0,2026-08-05T00:00:00+08:00,,False,贴片电阻,,539-000100,588-000726,2,133845,0,3,个
4,0,2026-08-05T00:00:00+08:00,,False,贴片电阻,,539-000138,588-000726,11,29740,0,3,个
4,0,2026-08-05T00:00:00+08:00,,False,贴片电阻,,539-000326,588-000726,4,0,0,0,
4,0,2026-08-05T00:00:00+08:00,,False,贴片电阻,,539-000120,588-000726,4,64951,0,5,个
4,0,2026-08-05T00:00:00+08:00,,False,贴片电阻,,539-000244,588-000726,1,21059,0,2,个
4,0,2026-08-05T00:00:00+08:00,,False,贴片可恢复保险丝,,364-000050,588-000726,9,35885,0,1,个
4,0,2026-08-05T00:00:00+08:00,,False,贴片电阻,,539-000300,588-000726,2,31671,0,3,个
4,0,2026-08-05T00:00:00+08:00,,False,贴片电阻,,539-000276,588-000726,2,24944,0,2,个
4,0,2026-08-05T00:00:00+08:00,,False,贴片电阻,,539-000026,588-000726,2,80817,0,4,个
4,0,2026-08-05T00:00:00+08:00,,False,贴片电阻,,539-000515,588-000726,1,20000,0,2,个
4,0,2026-08-05T00:00:00+08:00,,False,贴片电阻,,539-000063,588-000726,2,86000,0,1,个
4,0,2026-08-05T00:00:00+08:00,,False,贴片电阻,,539-000114,588-000726,1,45000,0,5,个
4,0,2026-08-05T00:00:00+08:00,,False,贴片电阻,,539-000386,588-000726,2,25000,0,1,个
4,0,2026-08-05T00:00:00+08:00,,False,轻触开关,,895-000088,588-000726,1,0,0,0,
4,0,2026-08-05T00:00:00+08:00,,False,YN403主板CPU屏蔽罩,,795-000884,588-000726,2,1885,0,1,个
4,0,2026-08-05T00:00:00+08:00,,False,YN403主板CPU屏蔽罩支架,,795-000885,588-000726,2,1730,0,1,个
4,0,2026-08-05T00:00:00+08:00,,False,YN403主板电源屏蔽罩,,795-000886,588-000726,1,2300,0,1,个
4,0,2026-08-05T00:00:00+08:00,,False,YN403主板电源屏蔽罩支架,,795-000887,588-000726,1,2300,0,1,个
4,0,2026-08-05T00:00:00+08:00,,False,M3X9+4单头六角铜柱，六角对边尺寸4.6,,849-000942,588-000726,4,0,0,0,
4,0,2026-08-05T00:00:00+08:00,,False,M3*6十字薄头螺丝,,849-000943,588-000726,4,17514,0,1,个
4,0,2026-08-05T00:00:00+08:00,,False,YN403_USB&SIM_P1_PCBA,,588-000653,588-000726,1,0,0,0,
4,0,2026-08-05T00:00:00+08:00,,False,双排排针 DIP 2.0Pitch 2X4pin,,356-000560,588-000654,1,0,0,0,
4,0,2026-08-05T00:00:00+08:00,,False,YN403_KEYBOARD_P0_PCB,,321-000502,588-000654,1,0,0,0,
4,0,2026-08-05T00:00:00+08:00,,False,贴片发光二极管,,690-000047,588-000654,10,18854,0,3,个
4,0,2026-08-05T00:00:00+08:00,,False,贴片电阻,,539-000110,588-000654,10,395000,0,7,个
4,0,2026-08-05T00:00:00+08:00,,False,YN403_4GBOARD_P0_PCB,,321-000503,588-000655,1,0,0,0,
4,0,2026-08-05T00:00:00+08:00,,False,IPEX天线座,,356-000081,588-000655,1,10153,0,2,个
4,0,2026-08-05T00:00:00+08:00,,False,贴片陶瓷电容,,725-000089,588-000655,2,153909,0,3,个
4,0,2026-08-05T00:00:00+08:00,,False,贴片陶瓷电容,,725-000041,588-000655,4,530000,0,1,个
4,0,2026-08-05T00:00:00+08:00,,False,贴片陶瓷电容,,725-000088,588-000655,1,116000,0,2,个
4,0,2026-08-05T00:00:00+08:00,,False,贴片陶瓷电容,,725-000019,588-000655,6,22667,0,3,个
4,0,2026-08-05T00:00:00+08:00,,False,贴片陶瓷电容,,725-000033,588-000655,1,19550,0,2,个
4,0,2026-08-05T00:00:00+08:00,,False,ESD二极管,,454-000258,588-000655,11,108608,0,6,个
4,0,2026-08-05T00:00:00+08:00,,False,贴片磁珠,,733-000084,588-000655,3,123364,0,4,个
4,0,2026-08-05T00:00:00+08:00,,False,1.37线径射频线夹,,849-000215,588-000655,2,0,0,0,
4,0,2026-08-05T00:00:00+08:00,,False,贴片功率电感,,733-000236,588-000655,1,2000,0,1,个
4,0,2026-08-05T00:00:00+08:00,,False,贴片PMOS管,,358-000166,588-000655,1,8940,0,2,个
4,0,2026-08-05T00:00:00+08:00,,False,贴片电阻,,539-000026,588-000655,1,80817,0,4,个
4,0,2026-08-05T00:00:00+08:00,,False,贴片电阻,,539-000043,588-000655,1,19690,0,2,个
4,0,2026-08-05T00:00:00+08:00,,False,贴片电阻,,539-000162,588-000655,2,140000,0,2,个
4,0,2026-08-05T00:00:00+08:00,,False,贴片电阻,,539-000002,588-000655,6,281246,0,4,个
4,0,2026-08-05T00:00:00+08:00,,False,贴片电阻,,539-000006,588-000655,1,155903,0,2,个
4,0,2026-08-05T00:00:00+08:00,,False,双排排针 DIP 2.0Pitch 2X7pin,,356-000562,588-000655,1,0,0,0,
4,0,2026-08-05T00:00:00+08:00,,False,YN403_前壳,,165-002371,791-000012,1,119,0,5,个
5,0,2026-08-05T00:00:00+08:00,,False,YS210_自研IMU模块_P1_PCB,,321-000498,588-000649,1,0,0,0,
5,0,2026-08-05T00:00:00+08:00,,False,408IMU自研屏蔽罩V2,,795-000863,588-000649,1,550,0,2,个
5,0,2026-08-05T00:00:00+08:00,,False,贴片陶瓷电容,,725-000242,588-000649,13,40200,0,1,个
5,0,2026-08-05T00:00:00+08:00,,False,贴片陶瓷电容,,725-000415,588-000649,2,29750,0,2,个
5,0,2026-08-05T00:00:00+08:00,,False,贴片陶瓷电容,,725-000431,588-000649,3,10000,0,1,个
5,0,2026-08-05T00:00:00+08:00,,False,贴片陶瓷电容,,725-000432,588-000649,1,15000,0,1,个
5,0,2026-08-05T00:00:00+08:00,,False,贴片陶瓷电容,,725-000433,588-000649,2,15000,0,1,个
5,0,2026-08-05T00:00:00+08:00,,False,贴片陶瓷电容,,725-000434,588-000649,1,0,0,0,
5,0,2026-08-05T00:00:00+08:00,,False,贴片电阻,,539-000379,588-000649,7,10000,0,1,个
5,0,2026-08-05T00:00:00+08:00,,False,贴片电阻,,539-000310,588-000649,26,20000,0,1,个
5,0,2026-08-05T00:00:00+08:00,,False,贴片电阻,,539-000589,588-000649,1,20000,0,2,个
5,0,2026-08-05T00:00:00+08:00,,False,贴片电阻,,539-000544,588-000649,2,0,0,0,
5,0,2026-08-05T00:00:00+08:00,,False,IMU,,972-000264,588-000649,1,0,0,0,
5,0,2026-08-05T00:00:00+08:00,,False,IMU,,972-000688,588-000649,1,230,0,1,个
5,0,2026-08-05T00:00:00+08:00,,False,MCU,,972-000689,588-000649,1,12019,0,3,个
5,0,2026-08-05T00:00:00+08:00,,False,贴片IMU,,972-000159,588-000649,1,5000,0,2,个
5,0,2026-08-05T00:00:00+08:00,,False,贴片无源晶振,,527-000053,588-000649,1,6001,0,2,个
5,0,2026-08-05T00:00:00+08:00,,False,贴片电阻,,539-000245,588-000620,1,20000,0,2,个
5,0,2026-08-05T00:00:00+08:00,,False,GPS模块,,972-000712,588-000620,1,295,0,2,个
5,0,2026-08-05T00:00:00+08:00,,False,GPS模块M20_P2_PCB,,321-000476,588-000620,1,0,0,0,
5,0,2026-08-05T00:00:00+08:00,,False,贴片陶瓷电容,,725-000004,588-000620,1,20000,0,2,个
5,0,2026-08-05T00:00:00+08:00,,False,贴片陶瓷电容,,725-000088,588-000620,1,116000,0,2,个
5,0,2026-08-05T00:00:00+08:00,,False,贴片电阻,,539-000001,588-000620,6,286734,0,5,个
5,0,2026-08-05T00:00:00+08:00,,False,贴片电阻,,539-000003,588-000620,4,181785,0,2,个
5,0,2026-08-05T00:00:00+08:00,,False,贴片电阻,,539-000005,588-000620,3,103388,0,2,个
5,0,2026-08-05T00:00:00+08:00,,False,贴片电阻,,539-000018,588-000620,2,94254,0,3,个
5,0,2026-08-05T00:00:00+08:00,,False,贴片发光二极管,,690-000012,588-000620,1,119987,0,3,个
5,0,2026-08-05T00:00:00+08:00,,False,贴片发光二极管,,690-000005,588-000620,1,6675,0,2,个
5,0,2026-08-05T00:00:00+08:00,,False,ESD静电保护管,,454-000004,588-000620,7,0,0,0,
5,0,2026-08-05T00:00:00+08:00,,False,贴片自恢复保险丝,,364-000046,588-000620,1,10000,0,2,个
5,0,2026-08-05T00:00:00+08:00,,False,贴片功率电感,,733-000199,588-000620,1,20000,0,2,个
5,0,2026-08-05T00:00:00+08:00,,False,负载开关,,972-000587,588-000620,1,0,0,0,
5,0,2026-08-05T00:00:00+08:00,,False,双排排针 DIP 2.0Pitch 2X5pin,,356-000558,588-000653,1,0,0,0,
5,0,2026-08-05T00:00:00+08:00,,False,YN403_USB&SIM_P1_PCB,,321-000501,588-000653,1,0,0,0,
5,0,2026-08-05T00:00:00+08:00,,False,沉板前插后贴式短款USB 2.0母座,,356-000389,588-000653,1,0,0,0,
5,0,2026-08-05T00:00:00+08:00,,False,ESD二极管,,454-000258,588-000653,6,108608,0,6,个
5,0,2026-08-05T00:00:00+08:00,,False,Push-Push Nano SIM 卡座,,356-000382,588-000653,1,0,0,0,
5,0,2026-08-05T00:00:00+08:00,,False,贴片电阻,,539-000026,588-000653,3,80817,0,4,个
