is_substitute,alt_group_no,material_code,bom_level,alt_priority,parent_material_code,alt_method,bom_version,material_name,standard_usage,available_qty,reserved_qty,stock_rows,inventory_uom
False,,791-000013,1,0,382-000005,,2026-08-05T00:00:00+08:00,YN406预组装包(拖拉机),1,1000,0,1,个
False,,606-000989,1,0,382-000005,,2026-08-05T00:00:00+08:00,YN406 包装外箱_V2,1,344,0,2,个
False,,606-000990,1,0,382-000005,,2026-08-05T00:00:00+08:00,YN406 珍珠棉内托_V2,1,400,0,3,个
False,,528-000036,1,0,382-000005,,2026-08-05T00:00:00+08:00,YS221A接收机组件_国内,1,34,0,1,个
False,,791-000007,1,0,382-000005,,2026-08-05T00:00:00+08:00,YN406B方向盘组件（拖拉机）,1,0,0,0,
False,,994-000550,1,0,382-000005,,2026-08-05T00:00:00+08:00,406电源+电机+接收机连接线,1,1875,0,8,个
False,,468-000493,1,0,382-000005,,2026-08-05T00:00:00+08:00,YN406说明书（中文）,1,1867,0,1,个
False,,468-000530,1,0,382-000005,,2026-08-05T00:00:00+08:00,导航车贴(60*15cm),1,1500,0,1,个
False,,791-000015,1,0,382-000005,,2026-08-05T00:00:00+08:00,YN403显示终端整机_预装组件_拖拉机,1,0,0,0,
False,,795-000993,2,0,791-000013,,2026-08-05T00:00:00+08:00,IMU、蘑菇头、显示终端安装附件包(30长),1,2000,0,1,包
False,,606-000852,2,0,791-000013,,2026-08-05T00:00:00+08:00,I406 预组装外箱,1,600,0,1,个
False,,606-000853,2,0,791-000013,,2026-08-05T00:00:00+08:00,I406 预组装珍珠棉内托,1,590,0,1,个
False,,795-000130,2,0,791-000013,,2026-08-05T00:00:00+08:00,显示终端安装附件包,1,1124,0,2,个
False,,795-000728,2,0,791-000013,,2026-08-05T00:00:00+08:00,终端RAM支架U型底座安装附件包,1,2950,0,2,个
False,,795-000302,2,0,791-000013,,2026-08-05T00:00:00+08:00,电机安装附件包,1,2374,0,1,个
False,,165-000257,2,0,791-000013,,2026-08-05T00:00:00+08:00,1号电机支架底板圆柱（L=100mm）,1,1409,0,3,个
False,,795-000865,2,0,791-000013,,2026-08-05T00:00:00+08:00,电机1号安装支架附件包,1,2867,0,2,个
False,,795-000133,2,0,791-000013,,2026-08-05T00:00:00+08:00,线束安装附件包,10,26297,0,3,个
False,,606-000012,2,0,791-000013,,2026-08-05T00:00:00+08:00,4号自封袋,1,19500,0,1,个
False,,528-000031,2,0,528-000036,,2026-08-05T00:00:00+08:00,YS221A接收机整机_国内版_整机,1,391,0,1,个
False,,849-001021,2,0,528-000036,,2026-08-05T00:00:00+08:00,M6X16不锈钢外六角三组合螺丝_半耐落,4,8843,0,2,个
False,,849-000288,2,0,791-000007,,2026-08-05T00:00:00+08:00,M4*22_不锈钢杯头内六角滚花机牙螺丝_整圈耐落,6,161549,0,9,个
False,,791-000003,2,0,791-000015,,2026-08-05T00:00:00+08:00,YN403（406）整机,1,445,0,4,个
False,,165-000120,2,0,791-000015,,2026-08-05T00:00:00+08:00,308终端RAM支架,1,1712,0,1,个
False,,849-000987,2,0,791-000015,,2026-08-05T00:00:00+08:00,M5*22_不锈钢内六角机牙螺丝_整圈耐落,4,19826,0,5,个
False,,588-000712,3,0,528-000031,,2026-08-05T00:00:00+08:00,YS221_P0_(四信+M2-BD)S01_PCBA,1,894,0,5,个
False,,838-000403,3,0,528-000031,,2026-08-05T00:00:00+08:00,YS221-TNC转IPEX连接线,1,740,0,1,个
False,,165-002644,3,0,528-000031,,2026-08-05T00:00:00+08:00,YS221接收机上壳,1,857,0,1,个
False,,165-002702,3,0,528-000031,,2026-08-05T00:00:00+08:00,YS221接收机下壳(P+R),1,870,0,3,个
False,,165-002646,3,0,528-000031,,2026-08-05T00:00:00+08:00,YS221接收机防水硅胶件,1,859,0,1,个
False,,994-000606,3,0,528-000031,,2026-08-05T00:00:00+08:00,YS221_M16-12P信号转接线,1,650,0,1,个
False,,165-002708,3,0,528-000031,,2026-08-05T00:00:00+08:00,TNC防尘堵头,1,2359,0,2,个
False,,165-000722,3,0,528-000031,,2026-08-05T00:00:00+08:00,YN501_M16连接器防水胶套,1,5404,0,3,个
False,,165-002647,3,0,528-000031,,2026-08-05T00:00:00+08:00,GPS散热硅胶垫,1,1660,0,2,个
False,,849-000382,3,0,528-000031,,2026-08-05T00:00:00+08:00,M16*E19*L2.8六角螺母,1,14703,0,3,个
False,,849-000717,3,0,528-000031,,2026-08-05T00:00:00+08:00,812 M5防水透气阀,1,3087,0,3,个
False,,849-000204,3,0,528-000031,,2026-08-05T00:00:00+08:00,M3*10不锈钢耐落机制螺丝,9,53184,0,2,个
False,,849-000700,3,0,528-000031,,2026-08-05T00:00:00+08:00,M3*6-不锈钢十字圆头机牙螺丝_半耐落,12,116123,0,3,个
False,,468-000565,3,0,528-000031,,2026-08-05T00:00:00+08:00,YS221固定标签(国内),1,1312,0,1,个
False,,588-000726,3,0,791-000003,,2026-08-05T00:00:00+08:00,YN403_MAINBOARD_P2_PCBA,1,1034,0,7,个
False,,588-000654,3,0,791-000003,,2026-08-05T00:00:00+08:00,YN403_KEYBOARD_P0_PCBA,1,1044,0,2,个
False,,588-000655,3,0,791-000003,,2026-08-05T00:00:00+08:00,YN403_4GBOARD_P0_PCBA,1,1034,0,6,个
False,,165-002372,3,0,791-000003,,2026-08-05T00:00:00+08:00,YN403_后壳,1,1046,0,3,个
False,,165-002375,3,0,791-000003,,2026-08-05T00:00:00+08:00,YN403_SIM卡盖板,1,1246,0,2,个
False,,165-002376,3,0,791-000003,,2026-08-05T00:00:00+08:00,YN403_防水硅胶圈,1,1566,0,1,个
False,,165-002377,3,0,791-000003,,2026-08-05T00:00:00+08:00,YN403_USB防水密封圈,1,1246,0,2,个
False,,165-002378,3,0,791-000003,,2026-08-05T00:00:00+08:00,YN403_SIM卡防水密封圈,1,3946,0,1,个
False,,849-000846,3,0,791-000003,,2026-08-05T00:00:00+08:00,M2.5*6-不锈钢十字圆头机牙螺丝_半耐落,3,138907,0,3,个
False,,182-000055,3,0,791-000003,,2026-08-05T00:00:00+08:00,一卡三通NaNo物联卡（腾讯薄款）,1,6393,0,1,张
False,,838-000375,3,0,791-000003,,2026-08-05T00:00:00+08:00,YN406-4G天线,1,1037,0,1,个
False,,838-000376,3,0,791-000003,,2026-08-05T00:00:00+08:00,YN406-WIFI天线,1,1039,0,1,个
False,,165-002405,3,0,791-000003,,2026-08-05T00:00:00+08:00,YN403_导电泡棉3,1,12791,0,2,个
False,,165-002408,3,0,791-000003,,2026-08-05T00:00:00+08:00,YN403_导电泡棉6,2,3292,0,1,个
False,,791-000012,3,0,791-000003,,2026-08-05T00:00:00+08:00,YN403_前壳预装组件_不带终端互联,1,144,0,2,个
False,,165-000229,3,0,791-000003,,2026-08-05T00:00:00+08:00,701pro密封圈（摄像头）,3,12420,0,3,个
False,,795-000176,3,0,791-000003,,2026-08-05T00:00:00+08:00,308终端防水透气膜,1,16708,0,1,个
False,,849-000943,3,0,791-000003,,2026-08-05T00:00:00+08:00,M3*6十字薄头螺丝,9,17514,0,1,个
False,,849-000700,3,0,791-000003,,2026-08-05T00:00:00+08:00,M3*6-不锈钢十字圆头机牙螺丝_半耐落,10,116123,0,3,个
False,,849-000204,3,0,791-000003,,2026-08-05T00:00:00+08:00,M3*10不锈钢耐落机制螺丝,14,53184,0,2,个
False,,849-000392,3,0,791-000003,,2026-08-05T00:00:00+08:00,ST2.6*6-镀锌铁十字圆头尖尾自攻螺丝,4,65052,0,3,个
False,,849-000208,3,0,791-000003,,2026-08-05T00:00:00+08:00,M12*E19*L2.5六角螺帽,3,17644,0,4,个
False,,849-000717,3,0,791-000003,,2026-08-05T00:00:00+08:00,812 M5防水透气阀,1,3087,0,3,个
False,,165-000266,3,0,791-000003,,2026-08-05T00:00:00+08:00,701pro摄像头连接器防水胶套,3,8667,0,4,个
False,,725-000176,4,0,588-000712,,2026-08-05T00:00:00+08:00,贴片陶瓷电容,1,39490,0,1,个
False,,725-000357,4,0,588-000712,,2026-08-05T00:00:00+08:00,贴片陶瓷电容,4,39950,0,3,个
False,,725-000179,4,0,588-000712,,2026-08-05T00:00:00+08:00,贴片陶瓷电容,3,247043,0,6,个
False,,725-000320,4,0,588-000712,,2026-08-05T00:00:00+08:00,贴片陶瓷电容,1,9500,0,1,个
False,,725-000226,4,0,588-000712,,2026-08-05T00:00:00+08:00,贴片陶瓷电容,24,1516029,0,12,个
False,,725-000086,4,0,588-000712,,2026-08-05T00:00:00+08:00,贴片陶瓷电容,1,1280510,0,5,个
False,,725-000307,4,0,588-000712,,2026-08-05T00:00:00+08:00,贴片陶瓷电容,10,44000,0,1,个
False,,725-000105,4,0,588-000712,,2026-08-05T00:00:00+08:00,贴片陶瓷电容,2,0,0,0,
False,,539-000022,4,0,588-000712,,2026-08-05T00:00:00+08:00,贴片电阻,4,58369,0,2,个
False,,539-000276,4,0,588-000712,,2026-08-05T00:00:00+08:00,贴片电阻,3,24944,0,2,个
False,,539-000026,4,0,588-000712,,2026-08-05T00:00:00+08:00,贴片电阻,1,80817,0,4,个
False,,539-000002,4,0,588-000712,,2026-08-05T00:00:00+08:00,贴片电阻,22,281246,0,4,个
False,,539-000267,4,0,588-000712,,2026-08-05T00:00:00+08:00,贴片电阻,2,155240,0,2,个
False,,539-000028,4,0,588-000712,,2026-08-05T00:00:00+08:00,贴片电阻,1,16260,0,2,个
False,,539-000106,4,0,588-000712,,2026-08-05T00:00:00+08:00,贴片电阻,1,74024,0,5,个
False,,539-000154,4,0,588-000712,,2026-08-05T00:00:00+08:00,贴片电阻,1,130018,0,2,个
False,,539-000162,4,0,588-000712,,2026-08-05T00:00:00+08:00,贴片电阻,1,140000,0,2,个
False,,539-000005,4,0,588-000712,,2026-08-05T00:00:00+08:00,贴片电阻,1,103388,0,2,个
False,,539-000025,4,0,588-000712,,2026-08-05T00:00:00+08:00,贴片电阻,1,20000,0,1,个
False,,539-000006,4,0,588-000712,,2026-08-05T00:00:00+08:00,贴片电阻,1,155903,0,2,个
False,,539-000008,4,0,588-000712,,2026-08-05T00:00:00+08:00,贴片电阻,5,210003,0,2,个
False,,539-000247,4,0,588-000712,,2026-08-05T00:00:00+08:00,贴片电阻,1,10000,0,1,个
False,,539-000411,4,0,588-000712,,2026-08-05T00:00:00+08:00,贴片电阻,1,10000,0,1,个
False,,539-000045,4,0,588-000712,,2026-08-05T00:00:00+08:00,贴片电阻,4,50029,0,1,个
False,,539-000018,4,0,588-000712,,2026-08-05T00:00:00+08:00,贴片电阻,2,94254,0,3,个
False,,539-000047,4,0,588-000712,,2026-08-05T00:00:00+08:00,贴片电阻,1,0,0,0,
False,,539-000048,4,0,588-000712,,2026-08-05T00:00:00+08:00,贴片电阻,1,20000,0,1,个
False,,539-000271,4,0,588-000712,,2026-08-05T00:00:00+08:00,贴片电阻,2,10000,0,1,个
False,,454-000310,4,0,588-000712,,2026-08-05T00:00:00+08:00,肖特基二极管,1,6000,0,1,个
False,,454-000213,4,0,588-000712,,2026-08-05T00:00:00+08:00,贴片开关二极管,1,30000,0,1,个
False,,454-000347,4,0,588-000712,,2026-08-05T00:00:00+08:00,ESD静电保护管,2,3000,0,1,个
False,,356-000602,4,0,588-000712,,2026-08-05T00:00:00+08:00,12P双排卧插连接器,1,2000,0,1,个
False,,358-000091,4,0,588-000712,,2026-08-05T00:00:00+08:00,NPN三极管,1,107329,0,2,个
False,,454-000319,4,0,588-000712,,2026-08-05T00:00:00+08:00,TVS二极管,1,0,0,0,
False,,733-000121,4,0,588-000712,,2026-08-05T00:00:00+08:00,贴片共模电感,1,20181,0,1,个
False,,733-000129,4,0,588-000712,,2026-08-05T00:00:00+08:00,绕线贴片功率电感,1,12000,0,1,个
False,,733-000130,4,0,588-000712,,2026-08-05T00:00:00+08:00,贴片功率电感,1,2824,0,1,个
False,,972-000475,4,0,588-000712,,2026-08-05T00:00:00+08:00,电源芯片,1,20999,0,3,个
False,,972-000815,4,0,588-000712,,2026-08-05T00:00:00+08:00,DC-DC电源芯片,1,3000,0,1,个
False,,972-000323,4,0,588-000712,,2026-08-05T00:00:00+08:00,SS232收发器,2,20000,0,1,个
False,,972-000528,4,0,588-000712,,2026-08-05T00:00:00+08:00,四信LORA 模组,1,0,0,0,
False,,588-000649,4,0,588-000712,,2026-08-05T00:00:00+08:00,YS210_自研IMU模块_P1_PCBA,1,0,0,0,
False,,972-000610,4,0,588-000712,,2026-08-05T00:00:00+08:00,CAN收发器,1,16998,0,2,个
False,,321-000543,4,0,588-000712,,2026-08-05T00:00:00+08:00,YS221_P0_PCB,1,0,0,0,
False,,849-000011,4,0,588-000712,,2026-08-05T00:00:00+08:00,贴片螺母,4,1045,0,2,个
False,,849-000215,4,0,588-000712,,2026-08-05T00:00:00+08:00,1.37线径射频线夹,2,0,0,0,
False,,849-000700,4,0,588-000712,,2026-08-05T00:00:00+08:00,M3*6-不锈钢十字圆头机牙螺丝_半耐落,4,116123,0,3,个
False,,849-000484,4,0,588-000712,,2026-08-05T00:00:00+08:00,M3X7.5+4单头六角不锈钢螺柱，六角对边尺寸4.6,2,600,0,1,个
False,,849-000023,4,0,588-000712,,2026-08-05T00:00:00+08:00,M3X8+4单头六角铜柱，六角对边尺寸4.6,2,0,0,0,
False,,588-000620,4,0,588-000712,,2026-08-05T00:00:00+08:00,GPS模块M20_P2_S01_PCBA,1,1,0,1,个
False,,539-000631,4,0,588-000726,,2026-08-05T00:00:00+08:00,贴片电阻,28,0,0,0,
False,,321-000556,4,0,588-000726,,2026-08-05T00:00:00+08:00,YN403_Mainboard_P2_PCB,1,0,0,0,
False,,972-000746,4,0,588-000726,,2026-08-05T00:00:00+08:00,CPU,1,0,0,0,
False,,972-000745,4,0,588-000726,,2026-08-05T00:00:00+08:00,LPDDR4,1,2812,0,2,个
False,,972-000744,4,0,588-000726,,2026-08-05T00:00:00+08:00,PMIC,1,0,0,0,
False,,733-000121,4,0,588-000726,,2026-08-05T00:00:00+08:00,贴片共模电感,2,20181,0,1,个
False,,554-000036,4,0,588-000726,,2026-08-05T00:00:00+08:00,异步降压转换器,2,19685,0,3,个
False,,554-000069,4,0,588-000726,,2026-08-05T00:00:00+08:00,线性稳压器,1,2955,0,1,个
False,,972-000273,4,0,588-000726,,2026-08-05T00:00:00+08:00,DC-DC电源芯片,2,3000,0,1,个
False,,972-000338,4,0,588-000726,,2026-08-05T00:00:00+08:00,LDO,3,24833,0,4,个
False,,972-000418,4,0,588-000726,,2026-08-05T00:00:00+08:00,BOOST芯片,2,5096,0,1,个
False,,972-000587,4,0,588-000726,,2026-08-05T00:00:00+08:00,负载开关,2,0,0,0,
False,,972-000333,4,0,588-000726,,2026-08-05T00:00:00+08:00,限流负载开关,2,18000,0,3,个
False,,972-000196,4,0,588-000726,,2026-08-05T00:00:00+08:00,视频解码器,1,12000,0,2,个
False,,972-000743,4,0,588-000726,,2026-08-05T00:00:00+08:00,LED驱动,1,0,0,0,
False,,972-000536,4,0,588-000726,,2026-08-05T00:00:00+08:00,MCU,1,13500,0,1,个
False,,972-000448,4,0,588-000726,,2026-08-05T00:00:00+08:00,MCU电源监控芯片,2,4590,0,1,个
False,,972-000270,4,0,588-000726,,2026-08-05T00:00:00+08:00,音频功放,1,4000,0,1,个
False,,972-000610,4,0,588-000726,,2026-08-05T00:00:00+08:00,CAN收发器,2,16998,0,2,个
False,,972-000432,4,0,588-000726,,2026-08-05T00:00:00+08:00,逻辑芯片,1,8985,0,2,个
False,,972-000323,4,0,588-000726,,2026-08-05T00:00:00+08:00,SS232收发器,1,20000,0,1,个
False,,972-000085,4,0,588-000726,,2026-08-05T00:00:00+08:00,WIFI+蓝牙模块,1,0,0,0,
False,,972-000303,4,0,588-000726,,2026-08-05T00:00:00+08:00,随机存储器,1,5000,0,2,个
False,,972-000770,4,0,588-000726,,2026-08-05T00:00:00+08:00,DCDC转换器,1,6000,0,2,个
False,,972-000741,4,0,588-000726,,2026-08-05T00:00:00+08:00,电压监控IC,1,6000,0,2,个
False,,527-000036,4,0,588-000726,,2026-08-05T00:00:00+08:00,贴片无源晶振,1,14112,0,3,个
False,,527-000038,4,0,588-000726,,2026-08-05T00:00:00+08:00,贴片无源晶振,1,15000,0,1,个
False,,725-000342,4,0,588-000726,,2026-08-05T00:00:00+08:00,法拉电容,2,12676,0,1,个
False,,356-000081,4,0,588-000726,,2026-08-05T00:00:00+08:00,IPEX天线座,1,10153,0,2,个
False,,356-000200,4,0,588-000726,,2026-08-05T00:00:00+08:00,40pin卧贴抽屉式FPC连接器,1,11995,0,2,个
False,,725-000174,4,0,588-000726,,2026-08-05T00:00:00+08:00,贴片陶瓷电容,7,38000,0,1,个
False,,725-000167,4,0,588-000726,,2026-08-05T00:00:00+08:00,贴片陶瓷电容,4,92016,0,1,个
False,,725-000041,4,0,588-000726,,2026-08-05T00:00:00+08:00,贴片陶瓷电容,18,530000,0,1,个
False,,725-000118,4,0,588-000726,,2026-08-05T00:00:00+08:00,贴片陶瓷电容,4,11567,0,4,个
False,,725-000033,4,0,588-000726,,2026-08-05T00:00:00+08:00,贴片陶瓷电容,33,19550,0,2,个
False,,725-000089,4,0,588-000726,,2026-08-05T00:00:00+08:00,贴片陶瓷电容,41,153909,0,3,个
False,,725-000015,4,0,588-000726,,2026-08-05T00:00:00+08:00,贴片陶瓷电容,1,168000,0,8,个
False,,725-000104,4,0,588-000726,,2026-08-05T00:00:00+08:00,贴片陶瓷电容,13,42038,0,2,个
False,,725-000019,4,0,588-000726,,2026-08-05T00:00:00+08:00,贴片陶瓷电容,5,22667,0,3,个
False,,725-000048,4,0,588-000726,,2026-08-05T00:00:00+08:00,贴片陶瓷电容,8,73850,0,3,个
False,,725-000083,4,0,588-000726,,2026-08-05T00:00:00+08:00,贴片陶瓷电容,2,0,0,0,
False,,725-000046,4,0,588-000726,,2026-08-05T00:00:00+08:00,贴片陶瓷电容,5,58000,0,3,个
False,,725-000101,4,0,588-000726,,2026-08-05T00:00:00+08:00,贴片陶瓷电容,6,19650,0,2,个
False,,725-000170,4,0,588-000726,,2026-08-05T00:00:00+08:00,贴片陶瓷电容,3,44000,0,1,个
False,,725-000007,4,0,588-000726,,2026-08-05T00:00:00+08:00,贴片陶瓷电容,2,20000,0,2,个
False,,725-000129,4,0,588-000726,,2026-08-05T00:00:00+08:00,贴片陶瓷电容,1,40000,0,2,个
False,,725-000242,4,0,588-000726,,2026-08-05T00:00:00+08:00,贴片陶瓷电容,79,40200,0,1,个
False,,725-000249,4,0,588-000726,,2026-08-05T00:00:00+08:00,贴片陶瓷电容,5,0,0,0,
False,,725-000448,4,0,588-000726,,2026-08-05T00:00:00+08:00,贴片陶瓷电容,8,19700,0,1,个
False,,725-000069,4,0,588-000726,,2026-08-05T00:00:00+08:00,贴片陶瓷电容,7,356000,0,3,个
False,,454-000206,4,0,588-000726,,2026-08-05T00:00:00+08:00,稳压二极管,3,36000,0,1,个
False,,454-000009,4,0,588-000726,,2026-08-05T00:00:00+08:00,肖特基二极管,2,8062,0,4,个
False,,454-000256,4,0,588-000726,,2026-08-05T00:00:00+08:00,TVS二极管,1,20100,0,3,个
False,,454-000187,4,0,588-000726,,2026-08-05T00:00:00+08:00,肖特基二极管,2,23676,0,3,个
False,,454-000181,4,0,588-000726,,2026-08-05T00:00:00+08:00,贴片开关二极管,4,116449,0,6,个
False,,454-000258,4,0,588-000726,,2026-08-05T00:00:00+08:00,ESD二极管,18,108608,0,6,个
False,,454-000050,4,0,588-000726,,2026-08-05T00:00:00+08:00,ESD二极管,2,67706,0,3,个
False,,690-000012,4,0,588-000726,,2026-08-05T00:00:00+08:00,贴片发光二极管,4,119987,0,3,个
False,,454-000068,4,0,588-000726,,2026-08-05T00:00:00+08:00,TVS二极管,1,160076,0,3,个
False,,733-000154,4,0,588-000726,,2026-08-05T00:00:00+08:00,贴片磁珠,11,16000,0,2,个
False,,733-000084,4,0,588-000726,,2026-08-05T00:00:00+08:00,贴片磁珠,3,123364,0,4,个
False,,356-000491,4,0,588-000726,,2026-08-05T00:00:00+08:00,M12防水8P-B款板端公头-26L,1,0,0,0,
False,,356-000490,4,0,588-000726,,2026-08-05T00:00:00+08:00,M12防水5P-A款板端公头-26L,1,0,0,0,
False,,356-000557,4,0,588-000726,,2026-08-05T00:00:00+08:00,M12防水6P-A款板端公头-26L,1,0,0,0,
False,,454-000322,4,0,588-000726,,2026-08-05T00:00:00+08:00,肖特基二极管,1,96000,0,2,个
False,,356-000251,4,0,588-000726,,2026-08-05T00:00:00+08:00,白色贴片插座母座,1,4000,0,1,个
False,,356-000559,4,0,588-000726,,2026-08-05T00:00:00+08:00,双排排母 立贴 2.0Pitch 2X5pin,1,0,0,0,
False,,356-000561,4,0,588-000726,,2026-08-05T00:00:00+08:00,双排排母 立贴 2.0Pitch 2X4pin,1,0,0,0,
False,,356-000563,4,0,588-000726,,2026-08-05T00:00:00+08:00,双排排母 立贴 2.0Pitch 2X7pin,1,1000,0,1,个
False,,849-000215,4,0,588-000726,,2026-08-05T00:00:00+08:00,1.37线径射频线夹,1,0,0,0,
False,,733-000100,4,0,588-000726,,2026-08-05T00:00:00+08:00,贴片功率电感,2,34513,0,5,个
False,,733-000023,4,0,588-000726,,2026-08-05T00:00:00+08:00,绕线贴片功率电感,1,1500,0,1,个
False,,733-000082,4,0,588-000726,,2026-08-05T00:00:00+08:00,功率电感,5,10000,0,1,个
False,,733-000130,4,0,588-000726,,2026-08-05T00:00:00+08:00,贴片功率电感,2,2824,0,1,个
False,,733-000039,4,0,588-000726,,2026-08-05T00:00:00+08:00,绕线贴片功率电感,2,12000,0,2,个
False,,733-000038,4,0,588-000726,,2026-08-05T00:00:00+08:00,绕线贴片功率电感,2,12293,0,3,个
False,,733-000043,4,0,588-000726,,2026-08-05T00:00:00+08:00,绕线贴片功率电感,1,0,0,0,
False,,849-000929,4,0,588-000726,,2026-08-05T00:00:00+08:00,贴片螺母,4,0,0,0,
False,,849-000928,4,0,588-000726,,2026-08-05T00:00:00+08:00,贴片螺母,3,8378,0,1,个
False,,849-000011,4,0,588-000726,,2026-08-05T00:00:00+08:00,贴片螺母,4,1045,0,2,个
False,,358-000166,4,0,588-000726,,2026-08-05T00:00:00+08:00,贴片PMOS管,3,8940,0,2,个
False,,358-000180,4,0,588-000726,,2026-08-05T00:00:00+08:00,MOSFET,2,14812,0,4,个
False,,539-000124,4,0,588-000726,,2026-08-05T00:00:00+08:00,贴片电阻,1,75000,0,3,个
False,,539-000046,4,0,588-000726,,2026-08-05T00:00:00+08:00,贴片电阻,1,111065,0,2,个
False,,539-000374,4,0,588-000726,,2026-08-05T00:00:00+08:00,贴片电阻,2,260000,0,10,个
False,,539-000237,4,0,588-000726,,2026-08-05T00:00:00+08:00,贴片电阻,2,100000,0,1,个
False,,539-000382,4,0,588-000726,,2026-08-05T00:00:00+08:00,贴片电阻,1,49056,0,2,个
False,,539-000147,4,0,588-000726,,2026-08-05T00:00:00+08:00,贴片电阻,4,178381,0,4,个
False,,539-000082,4,0,588-000726,,2026-08-05T00:00:00+08:00,贴片电阻,2,99999,0,3,个
False,,539-000075,4,0,588-000726,,2026-08-05T00:00:00+08:00,贴片电阻,2,90060,0,1,个
False,,539-000318,4,0,588-000726,,2026-08-05T00:00:00+08:00,贴片电阻,1,9996,0,1,个
False,,539-000162,4,0,588-000726,,2026-08-05T00:00:00+08:00,贴片电阻,4,140000,0,2,个
False,,539-000015,4,0,588-000726,,2026-08-05T00:00:00+08:00,贴片电阻,1,20000,0,1,个
False,,539-000031,4,0,588-000726,,2026-08-05T00:00:00+08:00,贴片电阻,8,134234,0,3,个
False,,539-000249,4,0,588-000726,,2026-08-05T00:00:00+08:00,贴片电阻,1,10000,0,1,个
False,,539-000042,4,0,588-000726,,2026-08-05T00:00:00+08:00,贴片电阻,1,40190,0,2,个
False,,539-000287,4,0,588-000726,,2026-08-05T00:00:00+08:00,贴片电阻,1,9999,0,1,个
False,,539-000014,4,0,588-000726,,2026-08-05T00:00:00+08:00,贴片电阻,1,76904,0,1,个
False,,539-000048,4,0,588-000726,,2026-08-05T00:00:00+08:00,贴片电阻,1,20000,0,1,个
False,,539-000002,4,0,588-000726,,2026-08-05T00:00:00+08:00,贴片电阻,54,281246,0,4,个
False,,539-000264,4,0,588-000726,,2026-08-05T00:00:00+08:00,贴片电阻,1,33246,0,3,个
False,,539-000006,4,0,588-000726,,2026-08-05T00:00:00+08:00,贴片电阻,10,155903,0,2,个
False,,539-000045,4,0,588-000726,,2026-08-05T00:00:00+08:00,贴片电阻,1,50029,0,1,个
False,,539-000050,4,0,588-000726,,2026-08-05T00:00:00+08:00,贴片电阻,1,30060,0,2,个
False,,539-000073,4,0,588-000726,,2026-08-05T00:00:00+08:00,贴片电阻,1,40818,0,4,个
False,,539-000018,4,0,588-000726,,2026-08-05T00:00:00+08:00,贴片电阻,4,94254,0,3,个
False,,539-000070,4,0,588-000726,,2026-08-05T00:00:00+08:00,贴片电阻,2,90000,0,1,个
False,,539-000171,4,0,588-000726,,2026-08-05T00:00:00+08:00,贴片电阻,1,19900,0,2,个
False,,539-000159,4,0,588-000726,,2026-08-05T00:00:00+08:00,贴片电阻,4,21771,0,2,个
False,,539-000248,4,0,588-000726,,2026-08-05T00:00:00+08:00,贴片电阻,2,19152,0,2,个
False,,539-000241,4,0,588-000726,,2026-08-05T00:00:00+08:00,贴片电阻,2,20250,0,2,个
False,,539-000094,4,0,588-000726,,2026-08-05T00:00:00+08:00,贴片电阻,2,47829,0,2,个
False,,539-000099,4,0,588-000726,,2026-08-05T00:00:00+08:00,贴片电阻,2,0,0,0,
False,,539-000037,4,0,588-000726,,2026-08-05T00:00:00+08:00,贴片电阻,1,14087,0,2,个
False,,539-000103,4,0,588-000726,,2026-08-05T00:00:00+08:00,贴片电阻,11,150000,0,4,个
False,,539-000027,4,0,588-000726,,2026-08-05T00:00:00+08:00,贴片电阻,2,130437,0,2,个
False,,539-000251,4,0,588-000726,,2026-08-05T00:00:00+08:00,贴片电阻,1,5000,0,1,个
False,,539-000110,4,0,588-000726,,2026-08-05T00:00:00+08:00,贴片电阻,2,395000,0,7,个
False,,539-000100,4,0,588-000726,,2026-08-05T00:00:00+08:00,贴片电阻,2,133845,0,3,个
False,,539-000138,4,0,588-000726,,2026-08-05T00:00:00+08:00,贴片电阻,11,29740,0,3,个
False,,539-000326,4,0,588-000726,,2026-08-05T00:00:00+08:00,贴片电阻,4,0,0,0,
False,,539-000120,4,0,588-000726,,2026-08-05T00:00:00+08:00,贴片电阻,4,64951,0,5,个
False,,539-000244,4,0,588-000726,,2026-08-05T00:00:00+08:00,贴片电阻,1,21059,0,2,个
False,,364-000050,4,0,588-000726,,2026-08-05T00:00:00+08:00,贴片可恢复保险丝,9,35885,0,1,个
False,,539-000300,4,0,588-000726,,2026-08-05T00:00:00+08:00,贴片电阻,2,31671,0,3,个
False,,539-000276,4,0,588-000726,,2026-08-05T00:00:00+08:00,贴片电阻,2,24944,0,2,个
False,,539-000026,4,0,588-000726,,2026-08-05T00:00:00+08:00,贴片电阻,2,80817,0,4,个
False,,539-000515,4,0,588-000726,,2026-08-05T00:00:00+08:00,贴片电阻,1,20000,0,2,个
False,,539-000063,4,0,588-000726,,2026-08-05T00:00:00+08:00,贴片电阻,2,86000,0,1,个
False,,539-000114,4,0,588-000726,,2026-08-05T00:00:00+08:00,贴片电阻,1,45000,0,5,个
False,,539-000386,4,0,588-000726,,2026-08-05T00:00:00+08:00,贴片电阻,2,25000,0,1,个
False,,895-000088,4,0,588-000726,,2026-08-05T00:00:00+08:00,轻触开关,1,0,0,0,
False,,795-000884,4,0,588-000726,,2026-08-05T00:00:00+08:00,YN403主板CPU屏蔽罩,2,1885,0,1,个
False,,795-000885,4,0,588-000726,,2026-08-05T00:00:00+08:00,YN403主板CPU屏蔽罩支架,2,1730,0,1,个
False,,795-000886,4,0,588-000726,,2026-08-05T00:00:00+08:00,YN403主板电源屏蔽罩,1,2300,0,1,个
False,,795-000887,4,0,588-000726,,2026-08-05T00:00:00+08:00,YN403主板电源屏蔽罩支架,1,2300,0,1,个
False,,849-000942,4,0,588-000726,,2026-08-05T00:00:00+08:00,M3X9+4单头六角铜柱，六角对边尺寸4.6,4,0,0,0,
False,,849-000943,4,0,588-000726,,2026-08-05T00:00:00+08:00,M3*6十字薄头螺丝,4,17514,0,1,个
False,,588-000653,4,0,588-000726,,2026-08-05T00:00:00+08:00,YN403_USB&SIM_P1_PCBA,1,0,0,0,
False,,356-000560,4,0,588-000654,,2026-08-05T00:00:00+08:00,双排排针 DIP 2.0Pitch 2X4pin,1,0,0,0,
False,,321-000502,4,0,588-000654,,2026-08-05T00:00:00+08:00,YN403_KEYBOARD_P0_PCB,1,0,0,0,
False,,690-000047,4,0,588-000654,,2026-08-05T00:00:00+08:00,贴片发光二极管,10,18854,0,3,个
False,,539-000110,4,0,588-000654,,2026-08-05T00:00:00+08:00,贴片电阻,10,395000,0,7,个
False,,321-000503,4,0,588-000655,,2026-08-05T00:00:00+08:00,YN403_4GBOARD_P0_PCB,1,0,0,0,
False,,356-000081,4,0,588-000655,,2026-08-05T00:00:00+08:00,IPEX天线座,1,10153,0,2,个
False,,725-000089,4,0,588-000655,,2026-08-05T00:00:00+08:00,贴片陶瓷电容,2,153909,0,3,个
False,,725-000041,4,0,588-000655,,2026-08-05T00:00:00+08:00,贴片陶瓷电容,4,530000,0,1,个
False,,725-000088,4,0,588-000655,,2026-08-05T00:00:00+08:00,贴片陶瓷电容,1,116000,0,2,个
False,,725-000019,4,0,588-000655,,2026-08-05T00:00:00+08:00,贴片陶瓷电容,6,22667,0,3,个
False,,725-000033,4,0,588-000655,,2026-08-05T00:00:00+08:00,贴片陶瓷电容,1,19550,0,2,个
False,,454-000258,4,0,588-000655,,2026-08-05T00:00:00+08:00,ESD二极管,11,108608,0,6,个
False,,733-000084,4,0,588-000655,,2026-08-05T00:00:00+08:00,贴片磁珠,3,123364,0,4,个
False,,849-000215,4,0,588-000655,,2026-08-05T00:00:00+08:00,1.37线径射频线夹,2,0,0,0,
False,,733-000236,4,0,588-000655,,2026-08-05T00:00:00+08:00,贴片功率电感,1,2000,0,1,个
False,,358-000166,4,0,588-000655,,2026-08-05T00:00:00+08:00,贴片PMOS管,1,8940,0,2,个
False,,539-000026,4,0,588-000655,,2026-08-05T00:00:00+08:00,贴片电阻,1,80817,0,4,个
False,,539-000043,4,0,588-000655,,2026-08-05T00:00:00+08:00,贴片电阻,1,19690,0,2,个
False,,539-000162,4,0,588-000655,,2026-08-05T00:00:00+08:00,贴片电阻,2,140000,0,2,个
False,,539-000002,4,0,588-000655,,2026-08-05T00:00:00+08:00,贴片电阻,6,281246,0,4,个
False,,539-000006,4,0,588-000655,,2026-08-05T00:00:00+08:00,贴片电阻,1,155903,0,2,个
False,,356-000562,4,0,588-000655,,2026-08-05T00:00:00+08:00,双排排针 DIP 2.0Pitch 2X7pin,1,0,0,0,
False,,165-002371,4,0,791-000012,,2026-08-05T00:00:00+08:00,YN403_前壳,1,119,0,5,个
False,,321-000498,5,0,588-000649,,2026-08-05T00:00:00+08:00,YS210_自研IMU模块_P1_PCB,1,0,0,0,
False,,795-000863,5,0,588-000649,,2026-08-05T00:00:00+08:00,408IMU自研屏蔽罩V2,1,550,0,2,个
False,,725-000242,5,0,588-000649,,2026-08-05T00:00:00+08:00,贴片陶瓷电容,13,40200,0,1,个
False,,725-000415,5,0,588-000649,,2026-08-05T00:00:00+08:00,贴片陶瓷电容,2,29750,0,2,个
False,,725-000431,5,0,588-000649,,2026-08-05T00:00:00+08:00,贴片陶瓷电容,3,10000,0,1,个
False,,725-000432,5,0,588-000649,,2026-08-05T00:00:00+08:00,贴片陶瓷电容,1,15000,0,1,个
False,,725-000433,5,0,588-000649,,2026-08-05T00:00:00+08:00,贴片陶瓷电容,2,15000,0,1,个
False,,725-000434,5,0,588-000649,,2026-08-05T00:00:00+08:00,贴片陶瓷电容,1,0,0,0,
False,,539-000379,5,0,588-000649,,2026-08-05T00:00:00+08:00,贴片电阻,7,10000,0,1,个
False,,539-000310,5,0,588-000649,,2026-08-05T00:00:00+08:00,贴片电阻,26,20000,0,1,个
False,,539-000589,5,0,588-000649,,2026-08-05T00:00:00+08:00,贴片电阻,1,20000,0,2,个
False,,539-000544,5,0,588-000649,,2026-08-05T00:00:00+08:00,贴片电阻,2,0,0,0,
False,,972-000264,5,0,588-000649,,2026-08-05T00:00:00+08:00,IMU,1,0,0,0,
False,,972-000688,5,0,588-000649,,2026-08-05T00:00:00+08:00,IMU,1,230,0,1,个
False,,972-000689,5,0,588-000649,,2026-08-05T00:00:00+08:00,MCU,1,12019,0,3,个
False,,972-000159,5,0,588-000649,,2026-08-05T00:00:00+08:00,贴片IMU,1,5000,0,2,个
False,,527-000053,5,0,588-000649,,2026-08-05T00:00:00+08:00,贴片无源晶振,1,6001,0,2,个
False,,539-000245,5,0,588-000620,,2026-08-05T00:00:00+08:00,贴片电阻,1,20000,0,2,个
False,,972-000712,5,0,588-000620,,2026-08-05T00:00:00+08:00,GPS模块,1,295,0,2,个
False,,321-000476,5,0,588-000620,,2026-08-05T00:00:00+08:00,GPS模块M20_P2_PCB,1,0,0,0,
False,,725-000004,5,0,588-000620,,2026-08-05T00:00:00+08:00,贴片陶瓷电容,1,20000,0,2,个
False,,725-000088,5,0,588-000620,,2026-08-05T00:00:00+08:00,贴片陶瓷电容,1,116000,0,2,个
False,,539-000001,5,0,588-000620,,2026-08-05T00:00:00+08:00,贴片电阻,6,286734,0,5,个
False,,539-000003,5,0,588-000620,,2026-08-05T00:00:00+08:00,贴片电阻,4,181785,0,2,个
False,,539-000005,5,0,588-000620,,2026-08-05T00:00:00+08:00,贴片电阻,3,103388,0,2,个
False,,539-000018,5,0,588-000620,,2026-08-05T00:00:00+08:00,贴片电阻,2,94254,0,3,个
False,,690-000012,5,0,588-000620,,2026-08-05T00:00:00+08:00,贴片发光二极管,1,119987,0,3,个
False,,690-000005,5,0,588-000620,,2026-08-05T00:00:00+08:00,贴片发光二极管,1,6675,0,2,个
False,,454-000004,5,0,588-000620,,2026-08-05T00:00:00+08:00,ESD静电保护管,7,0,0,0,
False,,364-000046,5,0,588-000620,,2026-08-05T00:00:00+08:00,贴片自恢复保险丝,1,10000,0,2,个
False,,733-000199,5,0,588-000620,,2026-08-05T00:00:00+08:00,贴片功率电感,1,20000,0,2,个
False,,972-000587,5,0,588-000620,,2026-08-05T00:00:00+08:00,负载开关,1,0,0,0,
False,,356-000558,5,0,588-000653,,2026-08-05T00:00:00+08:00,双排排针 DIP 2.0Pitch 2X5pin,1,0,0,0,
False,,321-000501,5,0,588-000653,,2026-08-05T00:00:00+08:00,YN403_USB&SIM_P1_PCB,1,0,0,0,
False,,356-000389,5,0,588-000653,,2026-08-05T00:00:00+08:00,沉板前插后贴式短款USB 2.0母座,1,0,0,0,
False,,454-000258,5,0,588-000653,,2026-08-05T00:00:00+08:00,ESD二极管,6,108608,0,6,个
False,,356-000382,5,0,588-000653,,2026-08-05T00:00:00+08:00,Push-Push Nano SIM 卡座,1,0,0,0,
False,,539-000026,5,0,588-000653,,2026-08-05T00:00:00+08:00,贴片电阻,3,80817,0,4,个
